3dzPclva9uHp-22TbheqlA,Dulak Pilates Center,-88.2413998,40.1175979
rQX6RVr6E4Zg9hx8GBFGHQ,TGI Friday's,-88.245695,40.097136
iLxG2Oo8HNSZFvJvba4W6g,El Toro Mexican Restaurant,-88.2438972,40.1070836
XsL8QBBn4ydWhEVewP_T1w,Bella V Med Spa,-88.262944,40.0818898
G-rm1rIaOC75TQcDhYRnYQ,JJ's Shoe Repair,-88.2431976,40.1157899
XvCaVBLDqiEj8YsjpPUu8w,Carle Foundation Hospital Level 1 Trauma Center,-88.2144857,40.1167446
H5oG0QHM5bseQeASHesfMA,United Fuel,-88.1975314,40.129272
I9NGBZl3HP_7rSquAo6snQ,U of I Community Credit Union,-88.238827,40.0868848
5bBzfDFZ2gU3tqS0oC-2kg,Flooring Surfaces Inc,-88.233394,40.149057
B51Syvxp0Jlm2RBY4vwocA,Moore Trees,-88.3042431,40.1556385
-zEpEmDfFQL-ph0N3BDlXA,Sakanaya Restaurant,-88.233218,40.110113
g8Lr8GXREGLKRp_Ckgks_w,Carrie's,-88.243507,40.1175503
D6SCh4BwNb52wZIqXdS4JQ,Esquire Lounge,-88.242292,40.116597
EcgJ_PI0DBPP1UyLCF1zxQ,Dom's Patio Villa,-88.239757,40.114144
5lw5rrhFMz-liykUn8dGSw,Fernando's Food,-88.240511,40.112846
rP-MueqMyZbiDbOEUELXtQ,Snow Meets Coffee,-88.2430914,40.118413
xLeOANU-lqtDOIV6Owm3EQ,Mas Amigos Truck,-88.2578811,40.12707803
Qw6MHH-2bTf0_y3eOh92xg,Comcast Service Center,-88.204193,40.103328
N-IwlZQimaUrxYF_jGUCOg,"Scott F Anderson, DDS PC",-88.2633957,40.0816961
2YnUIGGmhoJX4Cd61nQLkg,Za's Italian Cafe,-88.2458532,40.1399247
t952QLgrh-5l1woJ4IFgUA,Vinny's East Coast Pizzeria,-88.2484631,40.0977984
xWGn7oqLOZu_00H8pZOtsQ,Cracked the Egg Came First,-88.2120315,40.1059233
1laf1xiqfkbN2G2cq0r0EA,Lincoln Square Shopping Center,-88.2070866,40.1105839
-jGoRjpTw3N9IAUhD8k5Tg,Meadowbrook Park,-88.2094266,40.0837267
aFJ8NSdpJi9LcaMm6ICowQ,Burger King,-88.2571648,40.1421019
5TQ_BePxXGNOlgAZN6wDSA,The Dragons Table,-88.2414942,40.1171407
Yp2iXcCJeuSgRjLDEwGJWw,Sailfin Pet Shop,-88.2432775,40.10751954
Epr8Ft7LwYAzotFwxQX6uw,Latea Bubble Tea Lounge,-88.2304307,40.1114942
KJlgknxUcW54w9B-XcGSGA,Defy Gravity,-88.241673,40.110524
u4OSv_jxRvBj2_WH6CNHbQ,iFixed,-88.2301471,40.10630596
CpCItQDOA8cHI9jDMJ8AUg,D & W Lake Camping & Fishing,-88.250529,40.182804
AUoYd7F20On4N7SAWPlJRg,Midwest Cellular,-88.255574,40.137859
RYClIlSwSPpaptR8tOF0AQ,Lacy's,-88.20831053,40.11230765
POuzQLJuPWx0i-dUNdRsWQ,International Galleries,-88.2072358,40.1112508
aaJ-RaUdHyB4R3U4qNbRBA,Lovely Nails,-88.263069,40.136407
HbK6IfznbVToEaKVC0WcSg,The Clark Bar,-88.2461385,40.1150169
_zCwyuW5XrRKw8oK8EM49A,Burrito King,-88.2331177,40.1104696
p0XOMWVRVyeXvfvDi5af9w,Daily Illini,-88.2314522,40.1105073
myyJxx7nvs-5_T-Uvc-kLw,Wendy's,-88.2302237,40.11079934
ZlCSsWS07JulSBIQlrbF5w,Black Cab & Limo,-88.2433829,40.1164204
quBiDNgMLYoWP6Q2YSgZLg,Don Juan Cocina Mexicana & Cantina,-88.223116,40.1166989
uf8WNaHKKssMUbQVg8nJ7g,Jimmy John's,-88.207131,40.116832
BLtzUCwmGOSVgPJ78N3ORA,Tang Dynasty,-88.197063,40.111024
fFfmVZOVHRA_TPXVAUmj9A,Kennedy Wilson Properties,-88.2116807,40.112391
nlu8cGG9oNp4oKulbwk6pQ,Red's Muffler Shop,-88.207854,40.116802
ETxB6iSdRyhX4PTY0AnAIA,Bar M,-88.2093142,40.112655
w_O-xDRHCRBUIr0ojbN6tw,Parkside Apartments,-88.1939231,40.0977002
gEJZ5USuvC1r8_QvSvDCNA,K-Bowl,-88.240506,40.109988
bsrqpg0zJZG4NMhA0W28LQ,Espresso Royale,-88.296606,40.083399
PWjngofubkLClcJLt16L-Q,Kay Jewelers,-88.243865,40.1427776
6o6XxnI8RWhnAVSdxqCJWQ,Jet's Pizza,-88.2428884,40.1105978
SFh9uHtGR1lVPH2RTS2SWQ,McDonalds,-88.22974501,40.11042079
fufaCgozp5qERDwRSZArLA,Old Orchard Links,-88.2507519,40.0652239
T4IScPfP4ywj_dZAqWpxKg,Urbana Butcher Shop,-88.2082406,40.1124238
LriGUTo9z5exTYHmFkXf9A,Massage Envy - Savoy Plaza,-88.25173115,40.06985493
EI1JbmO_Le9u3qaYJtlMjA,Black Rock Pizza,-88.2071629,40.1112417
5lXhJe7gob74m93eyjyp3A,Illini Union Hotel,-88.227253,40.109243
cGuUEFw374zfpr3Cp8ywJw,Shanghai 1938,-88.22563461,40.11089981
7m8MoWuudrxU98fEw7iBIw,Sairam Om,-88.295835,40.081896
1DedueD53YsKcpqMWPIe9w,Cabo's Cantina and Grill,-88.297332,40.083446
vAUDxhbsWZKI8NJlsYwCMA,Flat Top Grill,-88.2304288,40.1114257
OKr-300J8R-htRPS0adPDw,Salvation Army,-88.2444302,40.1084137
Bfh_ON-LQUcJerjcDF5KNA,Best Wok,-88.260388,40.1378171
OW_PProvzKUwQBBODXNUMw,Sweet Dreams Mattress,-88.277709,40.1115366
PjOobIUE5onVqU_t7gskrQ,Garcia's Pizza In a Pan,-88.237045,40.110231
9kng6u-2Err_0mkhea5T3g,Sandella's Flatbread Cafe,-88.2218027,40.1065109
cn999G2xZNMj8ZYDot0C8w,Armored Gopher Games,-88.1979037,40.1266517
pCer-vIZM05p423MFmiSng,Kofusion,-88.2217281,40.10682268
UhIn-oyRBnr3BB8gqFtT2w,Classic Events,-88.2211031,40.1086733
yEe7d09rpD2u3WLNAKcdQw,Kohlmann's Bike Shop,-88.2895283,40.1078992
2e5Q-0Pr23NFEhgpYG8cFw,Crepe De Licious,-88.2273147,40.1097387
1hSGeXz8tCMvi7tBkP4CTg,Red Roof Inn Champaign,-88.24628,40.13579
aANR9KZfeCMVF6kMls58Sw,Champaign Public Library,-88.2458594,40.110343
gaR5jDvZsOC0RQeY-W1eqQ,Mas Amigos,-88.2407279,40.1127011
6GJ9K4HadzMBZG4WY_P9bw,Smoke 'Que & Brew,-88.297332,40.083446
rSoJNyN0OMw5n-2XIwRc7A,Champaign Heating & Air,-88.247577,40.184841
h_C_FsUnjIf80vs2FJyuEg,Photography by Kallol,-88.289455,40.1241
E1R-eyNDimJzdtajqh9KsQ,Jack's Grill & Mediterranean Cuisine,-88.243543,40.1221403
pjO0ZRGpCwlaOzipZDa3HA,Sam's Club,-88.2637177,40.138863
XPgBHiOKETheAfWSrgCudw,Lando Salon,-88.2305599,40.1096976
EoPd4SI9-mnkyb2CJcgkLA,Minneci's Ristorante,-88.239078,40.112801
E9HN0nA8eRsIBZYkL0H3xA,Courtyard Champaign,-88.2514524,40.1363489
5jXwI9WpDxGDmzmkmE0RTg,Oishi,-88.258404,40.1451769
7uOcFRxeodF1YA-Er9zW5A,Les Cheveux Gallery,-88.2424159,40.112609
qIomOSnR0zaU7kv6K-0mcA,Tortica's Grill,-88.2325689,40.1102881
c6kbzifoqwLhQxLZ_dleow,Carle Hospital,-88.2172578,40.1182778
-865Ps6xb3h1LP67JcQ3mA,Rainbow Garden,-88.205811,40.1167919
FpxFNBdL9V8Y7xN6fFW7kA,Dear 72,-88.2212475,40.1065086
4VYi3I-nVttZeOmrGEXHjQ,Wal-Mart,-88.2638221,40.1379325
VRKJpWhQeUE_38jnKrgsrA,ROKs Tacos - Korean BBQ Tacos,-88.2433829,40.1164204
wk6E7So8iKp6WW-IQuRwAA,No. 7 Salon & Spa,-88.2215126,40.1069877
Wdy7J_EOL2lvDKSscdQ4Pw,Black Rock Pizza Co.,-88.208652,40.111959
NIhArua4-tlZZXdGuy2SRQ,ONE North,-88.22237,40.1291269
iDDW5kjoLVN9rqrGM0cwjg,Rice Garden,-88.268995,40.109976
w5YH9J_ReVTKXobqs7yYZg,Subway,-88.24956391,40.07029218
fbQjAy7MTR8hdt4Gg2H_dA,Milk Tea House,-88.2325823,40.1105683
ffacanjbTeV8qP0puOW4xQ,Jiya Beauty Salon,-88.242503,40.140064
etLsW18rOOhxQc0sQ-BGFQ,Hessel Park,-88.25054237,40.10011708
Pi-FF-QhIAceHEiipb2PcQ,Shangri-La Massage,-88.260733,40.1379162
Gvox18F9QxsSS9qG2O8E-A,Sam's Cafe,-88.2427068,40.1169853
Pj8n8jDPRdXi7RdOABJkWA,Amano's Pizza,-88.2443819,40.0995658
MTkjFOGtIX_dsGkTUsEjBQ,Memorial Stadium,-88.238552,40.0981241
syP9qsN2-TiMbxh2zv1_NQ,Papa Del's Pizza At the Crossing,-88.2959863,40.0817601
rlb0nl3JvGmi7XnSKyVHlQ,Dillman Brothers,-88.186274,40.1503299
n3lJDjUD6xYnboLfWE6B1A,Awesome Machines Sales & Rental,-88.2524569,40.0537385
pJlHbIoePemy_wQVpWTR2g,Burrito King,-88.220285,40.116597
hX-foSZsr_fW_n7ydo4D0Q,KFC,-88.211,40.1163
ezFZVzNCtPdFATNGzCumjw,Super Wok,-88.274226,40.0982297
dE_5fWVjBA0W4H7q2iwijQ,Star Karaoke,-88.25083547,40.07332498
9SJ5sTileHeLXVMJrQiEDQ,That's Rentertainment,-88.2305203,40.1092217
Ih9my8hp4KqcyBXI9Cyevg,Barrelhouse 34,-88.241975,40.117537
ThIpnUgWVt94YDoFiVrKaQ,Ice Arena,-88.233346,40.1054208
Y8CW9v9iMzWbt1VA1EypHA,Spa Envy and Salon,-88.2463,40.0876184
Icj9QzQxqvzOmPm_liAq1Q,Hilton Garden Inn Champaign/ Urbana,-88.2462073,40.0991265
eY8afQl17K4N2bf3z6nkCQ,HomeTown Buffet,-88.257164,40.144166
8n1Bf-bpu6NYyUcGLMLZow,Hessel Park Family Dentistry,-88.2484153,40.0982804
8I2cyF1vbJioj5kxvbW0PQ,P K Jewelry Repair,-88.2409066,40.1379885
Q8kTugdx8Iw5AzRzz6qd8w,Chester's BBQ,-88.243041,40.113786
jA-sEoLY9tqzwX7-wv09pA,Studio 9 Hair Design,-88.254522,40.088439
M8G8S2takaE_NOVutGzEkg,Alto Vineyards,-88.29535961,40.16754384
inwHlUdUyuDrxCk1qdfyMg,The Tan Company,-88.2454391,40.0907654
-XH3-e3jDVdjHJq7GfNY7w,Asian Taste Restaurant,-88.23139496,40.10928113
e0prCZXtHGQIKeQ_wTW3uw,Cafe Kopi,-88.242716,40.116825
rwuiLDAkVUNEJex-oQlA7g,Green Street Realty,-88.2429669,40.110645
ZGIkQIh3KTLM1yOCNpvU5Q,Steak 'n Shake,-88.257297,40.140462
rwuMWGqt7L5l5lDsOYv1dw,Zyggyz,-88.232373,40.110554
ddFV9sQgvHNnwd9qyn6aoA,Karen Luster Electrolysis,-88.2424159,40.112609
DWcNLMwnhZlbP-I7YsBT8g,TownPlace Suites,-88.2304302,40.1114713
mvhokWwVKgfE-koLlc4VEw,Auntie Lee's Chinese Kitchen,-88.2402729,40.1101985
zkyv7PMMqFN_B7-Zp1l1aA,Breathe In Spa,-88.1888924,40.0821576
zMcmS7YojvNbmJCa-iTSYw,Istanbul Mediterranean Cuisine,-88.2963618,40.0816364
0wwWlkyGo3aGcRylDlNmuw,Marketview Car Wash,-88.251524,40.136904
LkHpM5vP4B1DIbRCuvLNZA,Champaign Jewelers,-88.2463104,40.0875539
epvLkQNL6MOvk3s6JlTntA,Carmon's Restaurant,-88.2438559,40.119807
VjlZNQkHc7BF7F4rVSvR4w,Bowie Chiropractic,-88.244679,40.09585
k8sEJ1TrXF6W1updzaUeMA,J&J Cell Phone Repair,-88.24370616,40.10533881
7ATGF_w2-cmacDY0NC8vKw,"Christopher N Jordan, DDS MSD PC",-88.294736,40.084968
1oAfS5mNrgwzfeYSN9wiJw,Needleworks,-88.241673,40.110524
AhnSHqEUXAUkVb2JeDvb7g,Bugbee's DJ Plus,-88.2439136,40.1305947
8sCEkyczBsOEqizt3mfXyg,Clybourne,-88.2303608,40.1096989
HgwOtz8ObpFkzfNbtewwWw,Carmike Beverly Cinema 18,-88.25957,40.147665
wsuzuLD3KV7L8oMinLCI0A,Merry-Ann's Diner,-88.24424621,40.09845251
fT03APABSohzUVURVT05Og,Evergreen Tobacco,-88.23453013,40.11054991
PfuI6ZxYHnSiWc4TwJpqyA,Mr Auto Body Inc,-88.2552434,40.1302042
_36y6DMfo8QcEi7IWrXa0A,Hancock Fabrics,-88.241438,40.1386521
iX5397ez5snnQRHLflyctQ,Hair Cuttery,-88.241673,40.110524
gUTz4Y3GIPq8zq1Mi-kHzw,KFC,-88.2487,40.0712
XuByFsXXhnKmZ6hxucOj7A,301 Mongolia,-88.2443626,40.118742
adMqhdXZmlZxUBjyyJEyiA,Property Management People,-88.2639552,40.0981616
n8SUVgkC_hOaZ7FiJd7sHw,April's Florist,-88.230699,40.109259
80zO6vFXIvhp4WDprnzBug,Round Barn True Value Hardware,-88.279289,40.1138532
iKYLzV3gncPbAul4DV-UBQ,Hobby Lobby Creative Center,-88.2759384,40.1195955
C1uqM8hRdRW0GImkDHNqsg,Blossom Basket Florist,-88.201408,40.122183
kNtToQSP_Y5U8tznLXuCaw,Farren's Pub & Eatery,-88.2451587,40.1183497
bVt5eOVdpZzg83qlW9Rl2g,Monical's Pizza,-88.24573,40.097774
EOHjpO4XFAhhSgJUECEJ5Q,The Pointe at U of I,-88.1891402,40.097854
041MeN6rfUxzyE5TXi2Fpg,Neutral Cycle,-88.2319361,40.1107245
6gAAEQxKNlmpuLz0ZmKx5Q,US Post Office,-88.1637165,40.1113451
goMjgu29SLWubjB_j8VkBQ,Days Inn Champaign/Urbana,-88.2607666,40.1341439
Inf0o8WPK_u-xd1j6yqVWA,Midwest Automotive & Diesel,-88.221646,40.137122
QFCapao7Q8GnjI7nGI-UmQ,Planned Parenthood - Champaign Health Center,-88.23517,40.113728
Mc9sMBVNi53lqxHLCiLWiA,Taco Bell,-88.243455,40.137098
PUe3Oz-VAPMXbu_zQ51dYQ,Guadalajara Bar & Grill,-88.259933,40.133775
0Tiq09V_kdMFPa1cL6I0AA,Culver's,-88.2461953,40.0854477
tCCBl_sHPQsJg37g2fjRpA,McDonald's,-88.2938531,40.0978775
ATEOnDYQCYSwCCH6hxenlQ,County Market,-88.2939348,40.0966122
9C_mnDJKcDzE2ONFMDJ9Rg,Ducky's Bridal and Formal Wear,-88.23724627,40.11649859
qog6Xyb97Wy3xIztQbRHBg,The Beach - Sun and Spa,-88.2315641,40.1092381
uJIIgBmcIn-Ye-anrqK0DQ,Dunkin' Donuts,-88.2573994,40.1286711
FHruF0coo8Fu-JzJj62aQg,Law Offices of Harvey C Welch,-88.2117947,40.1115269
UUxY8fHptscczFDsImtxzA,Magic Needle,-88.2092459,40.11679
boIILzBqhjWhq4G0BsB5_A,Miga,-88.24393324,40.11839264
y2V42mxWvVoH4NvUT_n8eg,Red Robin Gourmet Burgers,-88.2447441,40.1399766
CDy4liw0dEXxknf3EXSh-Q,Prairie Gardens,-88.2955726,40.1130433
KYXFuPcmVk5M0wzdBvhe7Q,Dream State Massage Therapy,-88.25389,40.11548
mgepLHs5tGQhxDiF6aYVGQ,Hertz Rent A Car,-88.280964,40.126947
fx5RY3DmDcRHw1aFWKs4Dw,Bridal & Formal Wear Alterations by Azar,-88.2738682,40.0982241
4OuEWZHLRISfdfoz_DOZIw,Insomnia Cookies,-88.2315641,40.1092381
YxngrHRkW8gLGOYDJ_LBoQ,Furniture Lounge,-88.242955,40.116164
-Jhlh8Scjy669NdtCfKSSg,V Picasso,-88.2431919,40.117237
UEsFV-zCAL_E_DTv-wGzfw,Illini Tower,-88.232343,40.106469
lWmDrnqgU6w3gFaJyn_1Uw,Radio Maria,-88.2426687,40.1171251
kUt6Tbujbbp03bP97uz4Dw,Mettler Center,-88.291825,40.0846019
N_W4JlpCw02VPSf5Mrxwqg,Dunkin' Donuts,-88.2299909,40.1101065
gw26vlrE_vd15ji8mih3bw,Jane Addams Book Shop,-88.2432539,40.117638
zp3rZNu-5qonTL3ByPYOUg,Fat Sandwich Company,-88.2315641,40.1092381
-7PuYohz9dR80iGfVR_kLA,Biggby Coffee,-88.27721952,40.11237507
Y2ySw4qMHgjd1T_2Zt9Eeg,TCBY,-88.27513576,40.09751252
BKLWat64KRYzsT2DgY6Xxg,Jarling's,-88.2477415,40.0977213
U68w8EOOdWB96ohZtwPk4w,U & I Nails,-88.2455368,40.0922003
kQrCHZb5UgpWE1cjM7-21w,Kessler Optical,-88.2416363,40.1173964
BaM7YlRv7Mchd3Yb58Tbpw,BodyN'Sole,-88.24963675,40.06996824
94dPK6n_yIBU6_n2OPpEOA,Jones Optical Co,-88.2457386,40.0946241
KWZqC7vfWpqlxnf0nD7QHQ,Tumble Inn Tavern,-88.243041,40.113786
PksBnyW1jxt3ve5Hn9_sAw,Bash Pepper Roofing Company,-88.197115,40.118538
CHd3f2PONQqKhLcVw2hQTg,JCPenney,-88.2429304,40.1423318
P4HqDYI1icascvcwca7iLg,Macy's,-88.244222,40.141029
GqEPKuvvflkhWxZu_zYUhw,Campus Recreation Center East,-88.2099999,40.11
HmF0AvgKSELlDpyLR-gJNQ,Crossroads Grooming & Boarding,-88.1832023,40.1559332
PTQVaWA-I5ZLzwy5oBbVMg,Pekara Bakery and Bistro,-88.2432482,40.1170088
I2EHSRP50SXxvfoWc8MIWw,Little Caesar's Pizza,-88.276899,40.102573
AODQ2MAT92hvHeMm3K1G3Q,Just Be Salon,-88.2768745,40.1128221
BINukdw_2Wqg8lpa4aQavQ,Speed Lube Oil Change Shop,-88.25816688,40.11235948
SvTGVH4ZLuIsQCqoul3utQ,The Tower At Third,-88.234844,40.1093161
b2mVDUqALgBWgL3k7drlNg,Denny's Professional Cleaners & Launderers,-88.2770895,40.1032758
hxlfoblUAzNSOszKlyaV6g,Taco Bell,-88.278467,40.112702
EVLfFsWU_l1m1Hj0gWJIvQ,Grovestone,-88.2745697,40.0982328
wFjRC-t_uXjXb4V156n40w,Pride Lawn Care & Outdoor Services,-88.302564,40.093836
do6TMZHY7TXQrpOKtJVb6g,Charter Fitness,-88.261927,40.082633
BcrFZDyviqw_wF9oQQ5qVA,Caffe Bene,-88.2309392,40.1106361
1uWQHvSL7-7rsRuHaZhM_A,Save-A-Lot,-88.2058607,40.1144185
w5Y_FiGPSlPemJVxAZZToQ,Basil Thai Urbana,-88.2217353,40.1065482
0XP0mgWMbhk2HBldhExTdw,Burnham 310 Apartments,-88.2347145,40.1130311
O4-tpRbaMfrdx_okiVAbaw,Manzellas Italian Restaurant,-88.271074,40.1128
qo5zH2vfCduPSZzmZfJzEg,Savoy Post Office,-88.25174,40.057678
p9yfzM_lO-FWKX7Bx1FnEg,New Prairie Construction,-88.200701,40.112601
l1Ai_fWWlNGy0anhghiefg,Limited Edition Hair Studio,-88.252881,40.059615
-cgOvAOO_XcPlRXjNr_Ydg,Luxury Nail& Spa,-88.2533147,40.0588837
QI5Mwy71How6E-KCtHp5Jg,Queen's Nails,-88.2820026,40.1111136
miMx3VNOW8qPJC5wEGaIOw,Xinh Xinh Cafe,-88.20278764,40.11339039
ZiJVt1CsKoXyqSOZW8V4-A,"Comfort Suites Urbana Champaign, University Area",-88.220219,40.130976
87DcNyamdiBOyZLgOkvoVw,U-Haul Co,-88.1852656,40.1527544
MPAPVFk66pplvv7rkcVfiQ,Sushi Avenue,-88.233218,40.110113
JKoMhoA9h2xqFEu9K7IbgA,Hanford Inn and Suites,-88.191588,40.137818
efdPLo00sOD-1Wf77hg5jQ,TruGreen Lawn Care,-88.2383716,40.1372811
AE_q1IxLxwDeU0LdTnXxtg,Norris Tire & Auto Center,-88.2810071,40.1227389
bP_HZle1uUaILvSaS_cYbQ,Walgreens,-88.2451999,40.0986335
x0PF0MvzyRrKbF00xqlIMw,Ray's Heating & Air Conditioning,-88.2072697,40.1105875
7AmXzL434IH6V5-Ljk_8Mg,Holiday Inn Express & Suites Urbana-Champaign,-88.2218403,40.1314294
mzWct2Vkin56ue6dIzmq8w,Best Western Paradise Inn,-88.25060832,40.05953278
IPpTt6Vzg5SCNVFaKPT0lg,Grainger Engineering Library,-88.2268552,40.1124234
A_eABcl0LTts73RNo2Np2Q,Krannert Center,-88.222747,40.108013
RhbvneDMmf7TWJRs_jTaQw,M & M Auto Sales,-88.2038973,40.1191322
qb65XgSl2fcXk_-ROLBncg,Dale Levitt Disposal,-88.195627,40.106649
e7N4dO5w2Ef5RdSnH_n4Jw,Walgreens,-88.2040378,40.1169087
FM6hRJtjDwNeZWa64wpdRg,Urbana Dog Park,-88.187988,40.124499
-5dd-RjojGVK9hjAMCXVZw,La Fiesta Mexican Restaurant,-88.19200499,40.09651015
BUvGTzGMmFKQU_1ncYmLUg,Value Place Champaign,-88.2667016,40.1376556
kX6TNjVs61AWXz8M7ibOBQ,Agape Hearts & Hands Massage,-88.284009,40.113323
itSMx9rVhLo4i2OhuEwtAQ,Sew Sassy,-88.2062286,40.1107875
KKOmfySnxK96EtlgOU9Hjg,Wendy's,-88.2051296,40.1172246
Q9rmRDT78gf1tb0WBDTr9Q,Republic Services,-88.201734,40.142564
WIj7xmN8G7HUgrVUKBo8eA,Bud's Tree Care,-88.2433829,40.1164204
Lm-3-VnMbCYjB8d1hRIM8w,Advantage Hobby,-88.275847,40.146904
2r2-SUffzmo22lvKSiIKvg,Stone Creek Golf Club,-88.1695258,40.0879614
AkA481VkTOec7EteMbCFGw,Tatman's Carcare Collision Centers,-88.196571,40.127449
kisBmZ2c9_t1VxfZrUoPMQ,Leaders For Life Martial Arts,-88.2963694,40.0831882
UG5nMw3CdLHn-seNUP-cVg,Mr Fix It Auto Clinics,-88.2791247,40.1270792
6ebjmhhmRTQTGkBjKa4blw,The Pet Pro,-88.2778918,40.0978463
cP8ErpZfRzdVR5Fvks-pnQ,The Pottery Place,-88.277709,40.1115366
hCWX7t0vVzZzurvQnO69dw,Slumberland Furniture,-88.253257,40.141845
aLeozHo7RPI1jM30UM9iKw,Luther Falls Custom Kitchens,-88.2817349,40.1110802
5bTjUBhGbild5tuzfAmIJg,Denny's,-88.25479388,40.14326151
b8iHKolCsC4ZTM8X9-L01A,Pizza Hut,-88.2323204,40.1100834
ySPmSsXIcOtkgpvAl9wM-g,Frank's A. Carpenter,-88.2493,40.1026219
3TBouLwX21Ic5cJNlAl7Eg,Drew's Pizza,-88.231612,40.110827
8ed4YmEWPr5nfau82-OtCA,Subway,-88.2553746,40.1378758
wpGJqeVwtO_dPEG0HFQ0SA,R & H Cab,-88.19280243,40.09858322
Gxf0MzHfznm3vmF2E764xg,The Dog Den,-88.240668,40.120261
gEPH0lm8IJcC8dkkwHJ7fA,Jillian's,-88.244236,40.103246
DjDcRTH09r1Yma6qd0om0Q,Art Mart,-88.25762141,40.09597067
UUsS7SrTQQ2AvvpslfrvFA,Legends,-88.2311675,40.1105579
sfn4UtTZOjGo0hIWBa48uw,The Art Party Studio,-88.2429788,40.1155929
FzVANX7N-FQbUZNfKhFJSg,Wingard Salon,-88.2434284,40.1065798
4hWDMVtfnpyY72_5QMbthA,Old Time Meat & Deli Shoppe,-88.2452807,40.091899
th4pZ5LkoIIkb1Vmu_m2DA,Meatheads,-88.24448,40.101522
IHJKFxoWXONoz-JamfOnlg,Meijer,-88.1873157,40.0860394
fzeoB94sPrXpjScO9puoiA,N Tailor & Alterations,-88.2583899,40.1295194
LW21U6m6axC2lCLYc0fFSA,Cream & Flutter,-88.242122,40.11682
JXrppn1wanENxgd6CVt9nA,Bella Capelli,-88.246989,40.099626
THC1S01liu8wIeg2ienLiw,Howbowda Bagel,-88.2433829,40.1164204
5lFdtzrhP5TPAfeOZUJsOA,Le Shoppe,-88.238179,40.116617
d51qbs6CitHbFD--G-AEVw,Shanghai 1938,-88.29591516,40.08220446
G_FJqiQqZpIlbalWobC0vA,Asian Supermarket,-88.258402,40.1287
uGxZdLLgMQDvFSqiXyCg_w,Ambar India,-88.228907,40.1113654
pWxCiLYvlUHd9TVJ7n0mEQ,The Estate Sale,-88.243877,40.1180359
u02xse4VO7lkyF4r7ARNdw,Suburban Express,-88.2412504,40.1166102
RQKrr8j4jS_7ubGMfAwnIQ,Garcia's Pizza In A Pan,-88.237634,40.110515
u4D2VypIx3nMsRRbOwx-sA,Bentley's Pub,-88.243878,40.119931
eezVjNlzIZrXs9GM5O8b2w,Vape Vault,-88.243891,40.107102
u_MdwAj7eGenc0YhqQy6nA,Wingstop,-88.242982,40.110411
aEk76knbZRbpyC9LvBToFg,Green Mobile,-88.255574,40.137859
gOMc2QcDaMIOkIVTShqoYA,Firehouse Subs,-88.257355,40.136805
VuMgSpUJ9ONgSkddjM4JqQ,Yori Q Korean Grill & Bar,-88.2436597,40.10769667
ie3nXtDTyHhJchMuYh_WXQ,Other Realm,-88.2316504,40.1104441
1p6qHrapvuKpbZGLT9qskw,El Patio,-88.2963454,40.0818267
68HNLNwMfXu1NuL_2E4N7A,Doodles,-88.231668,40.10933
FgckrAuRyoNWZiAuSvajiQ,Jon's Pipe Shop,-88.2308539,40.110053
guT_rF7lF9SnXOa5FN1byw,College Chefs,-88.2435423,40.1182345
Hw0hdZnM7z5uBTwbW8jHMA,Penn Station,-88.2591227,40.1432914
S3tKO3X1LP8vjuHSSR5KEg,Fairfield Inn & Suites Champaign,-88.2515762,40.1357711
SJqnGGaeMlxHa-JeZckLHw,Tepper Electric Supply Company,-88.243046,40.1095169
kOyeZ4bBcA0_l1KPmlDDjQ,Family Dental Care of Champaign,-88.2423842,40.1366534
Y95S0zb-n9_bl7EoyglT7A,Lowe's Home Improvement,-88.2548588,40.1392286
a3hjBPsnpcTpcquQXLeS0w,Dragon Fire Pizza,-88.2433829,40.1164204
HbWnJNtr8DITc4DkpvZKqg,Dazzling Nails,-88.2408694,40.110208
hBKkJeRmqceqgIWb3Pv1eg,PetSmart,-88.2601083,40.1399188
r6NdWvrOvK8lnnT1eYlBqA,DO-It-Best-Hardware,-88.2445047,40.1123633
uGwwPkw2AEvKkVHiSufhzQ,Jim Gould,-88.2435515,40.1182231
fffEiPIzk0YIqElkYo5S2g,May's Alterations,-88.243851,40.105187
9A1C1f0m4nQltQrOOTl-Kw,Orange & Brew,-88.2442199,40.10314717
5bfPGu1YTNyb2w9QriysfQ,Pizzazz Haircutery,-88.2384639,40.111222
sYf2auhosrx8trbyP9nGyw,DP Dough,-88.2407666,40.1099064
aqTdhZDTSjA42_Uh2E6V7A,Taco Loco,-88.2516073,40.1421947
GkQxwsRXYioD2VtCjNfedw,The Beef Stand,-88.229804,40.110039
5qg-Is7JRYtTF8X1AF90hw,Central Illinois Autobody Inc,-88.2413056,40.118791
UPCTlq-r-yZcWFFH2qOlWg,Ginger Asian Bistro,-88.244581,40.139173
PGUuVJEzM0H-ZMB6m1D6Ig,Boltini Lounge,-88.243876,40.117733
3sSn6wGpFRs7YTB2GRnETw,T Mobile Baytowne Shopps,-88.260871,40.138458
O2EeznE_CxFEWfOTgfFqWA,Oak Express,-88.2590139,40.148451
oYMsq2Xvzw6UbrIlMWjb-A,Papa John's Pizza,-88.2380132,40.1103562
MRE5_phUbPZFcNOsBjIUyQ,HoneyBaked Ham & Cafe,-88.2551505,40.1410498
MctS0Hqg4O1cRALdUhUlOg,Champaign True Tires,-88.24289829,40.11484148
X3-dI5LGMdv6EQ8OLoOU9w,Casey's General Store,-88.182324,40.115663
pB7yPecmxoJEa0FjKdkznw,G-Mart Comics,-88.2413998,40.1175979
efld3-EC05DQ74g0Nkx5fw,MasterCuts,-88.242337,40.142741
7siEeRGqAJ730IkwAtcWAQ,Jerusalem Middle Eastern Cuisine,-88.229192,40.1113
w73NcxMQmDsqVKu3zVSJtg,Illini Inn,-88.233757,40.107661
67STv2NXNvt7K8sdbjqetQ,Barfly,-88.243038,40.117021
r9xW1wXycs4MPpqB-Vknzg,Hardee's,-88.2454984,40.0956999
dA9xisX951rOnx8IGLPfjw,Fat City Bar and Grill,-88.242733,40.110967
QtZry_s3LGRhxpIpqezf0w,"Thomas E Standley, DMD",-88.241184,40.1105019
6vsjWxIMHs-34L9wuTBJRw,The Home Depot,-88.2559526,40.1332734
VExz8Dl7hVvulketrhL34w,Old Navy,-88.2561017,40.1447746
jl-FwOL_IR5wDrUAVvbgag,Mosser's Shoes,-88.2416764,40.140199
aKiE0aZ6vGyOlH-uVOHONw,The Y Eatery,-88.22929,40.1065381
AtLv64FV-Pw6JuT3XUKU1g,Gumby's Pizza,-88.2443792,40.0995845
DZXd-fJ4GP9LbMwIonb6tQ,Rod Sickler Salon & Spa,-88.2959876,40.0812131
R0SY86PqTcp80TFvGrLi9w,Illini Tech Center,-88.231456,40.110351
4IqzhMpKHEspD-2bASdPow,Typecast Ink Tattoo & Piercing Studio,-88.230157,40.1107889
oVI5iws1iOZECl8DtaAqsg,Michaels,-88.257904,40.1417662
GWS5s8HSm1zjqMLJD7wQLg,Woori Jib Restaurant,-88.230064,40.10959
bDnnRwFY9vCVTvnuI-n3eg,Bob's Pet Grooming,-88.2436688,40.1076853
E4t43bnsfeOY2bv_8IPmSw,Prime Time Pizza,-88.231376,40.116061
b731rZn5w-LxgkT1PeuNYg,Walmart,-88.2549428,40.1470724
JCunPD7s6TWHp7e9n-IZew,Roto-Rooter Plumbing & Drain Services,-88.25563952,40.12958145
9o8Zie2MHPwJFOkOsXbqPw,U-Haul Moving & Storage at University Ave,-88.23535748,40.11665714
ky0cUgRt1Bye3cxgxXpgYA,Fire Station Pizza and Pub,-88.23084,40.109335
dC2MqO8lALQJUZB-an2G5A,JSM Living,-88.2324294,40.1120704
SCxtzXcvyk1hygdmOZqd1A,Mashawi Grill,-88.2296889,40.110041
o9nGD3J0btXjE9M6IdgZTA,McAlister's Deli,-88.25036014,40.14166846
SuQpsHxcxCAB8kxPEIXiBg,Wonderdogs,-88.2289026,40.1113062
oK9mdYF8q0XSkhpKs8ChHg,Wendy's,-88.258461,40.140351
u7jiuYiz-zVwsh0TGRHUIg,Burrito King,-88.2326799,40.1104308
bAQa9wmXXRVsD2qE50Ef2w,Dave's Collision Repair,-88.2544619,40.1298664
hDvdydcpB3gTU-ZZgSnjmQ,Dave & Gene's Barber Shop,-88.2308251,40.1101223
08xwfgONKGqke1wwuby3wg,Ruler Foods,-88.25531114,40.14450792
X0aBITLKCMj_llgfMcWkFw,Cold Stone Creamery,-88.2315292,40.1101263
rrijo70DD_kPHMfEyOVskg,Safelite AutoGlass,-88.243872,40.107366
FsRYheupb38V0_JRD-u2Bg,Roland Realty,-88.239062,40.10769
cjdX2cwSmp47ia47V3YySg,Layalina Mediterranean Grill,-88.240661,40.112846
t0HT9od2xZ0Fc5a0PFB2BQ,Kam's,-88.2295058,40.1079898
2q8aAvcydGLzEeoTEV7JWg,Sullivan-Parkhill Automotive,-88.2495533,40.1360749
8GUMO244E8CxfJcyJIWFOA,El Charro,-88.2395746,40.1100704
tfmTXVlF1JUJ-AauRwBiKw,Teavana Tea Store,-88.2396119,40.1430719
TUp3wPxtUTEU_yzjA9Vv6Q,Sherman Hall,-88.2326908,40.1072026
oasj1sB0V02jtJOaXZWm-w,Sears Hometown Store,-88.2422519,40.1374547
bd_qQhLpRvcd1rL8XR5Sag,Gallo-Miller Paint & Collision Repair Inc,-88.249601,40.133659
xwdvkz6Mlu_KlXzBEblsew,Illini Eye Care,-88.2312662,40.1106185
A0HKRA8CzF7r66JCFpCoFw,Jiffy Lube,-88.2584345,40.1276058
400LXhwJuQwYKLknZ3fgJQ,The Accord,-88.2408818,40.1177536
JzK0IfNXvYScqvv09Y95yA,The Brake Shop,-88.242501,40.113102
5JWbhXdLq-p3ml8Yf2dSlA,"Ramsay M Dean, DDS",-88.2936742,40.0841939
TqDhk2CKEKU7r-dD2gp_eA,Next Chapter Properties,-88.242896,40.1105975
oNRBwIyojAF-3uLIqQLc_w,Campustown Rentals,-88.233819,40.110187
MpAhuv_BBhYHDElgx1pD4g,Qdoba Mexican Grill,-88.2296889,40.110041
_RMKXUoZOEzMVp5vzYtxOg,News-Gazette,-88.242445,40.118282
e9shtyZ7-9GYcbPIVV--XQ,Escobar's Restaurant,-88.2428344,40.1212439
Ell98LV4Yuc0DqZwGE8gWQ,Monical's Pizza,-88.1905185,40.0833818
Xg0KdzifsyAtHQVwFRUJ5A,Cookies by Design,-88.2031303,40.1172894
usqqunF6NTw_H0yPwaT5fQ,Carter's Furniture,-88.2042433,40.1152909
yJlqyI_w9bQ3I2nCJNYLQQ,Caring Hands Animal Hospital,-88.1903451,40.0977687
m4DwPVxmFDQE_FnGIOa3cQ,Sunny China Buffet,-88.1912166,40.0976637
ncu6t4kzEs4qWCafcQzFJw,Rose Bowl Tavern,-88.2087534,40.112862
CDm96_A5GagulRKa5zadfQ,Brothers Bar & Grill,-88.2296913,40.1100823
t8WAeWkpMgb_hDuFs5wVyA,Red Wing Shoe Store,-88.2603807,40.1377634
3HPFI6f_96vbANRrWa_kew,Animal Hospital at the Crossing,-88.2963439,40.0809038
AzZtRUAo43Ow9ITDfPEShg,La Quinta Inn Champaign,-88.2448836,40.1385059
Tiu3iRXMlzEEI6Epp3I8lg,Cafe Sababa,-88.231538,40.108761
SUktrYdNQD8k2vvkM4OpfA,Peking Garden Restaurant,-88.2450179,40.1178493
Ez1U0wMD7Wws2BPAYfW3yQ,Luna,-88.240606,40.116715
I0-x7-ewHt-DpASCKn6LJA,Storage Squad-University of Illinois,-88.23488,40.105685
V-_Kh0RtKcKdQ0ON4eVQ-Q,Buca di Beppo Italian Restaurant,-88.243055,40.142536
BoTQepQTjGbTXA4g4Hj-WA,Antonio's Pizza,-88.2296092,40.1100646
L57D-jGExAu6HwjByT8BOQ,Uncle Jack's Family Restaurant,-88.296204,40.082367
3VC2agLN6SPo_R43TeM9cA,ATLAS Cab,-88.245824,40.1002889
9svP2izKnYwql7Wj2ReMdA,BodyWork Associates,-88.248943,40.083276
MZ8dSU3HqlnDmS0b864Aww,Bromley Hall,-88.234722,40.10705
NXERVbjRdwe0Deg4d_fVlA,Koto Ramen,-88.231612,40.110827
erc6gt6BdeylBn-BUPXJCg,Ashley HomeStore,-88.2528596,40.1361116
cy0eik8e-mgMz9wjrljA4w,Mhm Properties,-88.229711,40.115125
KyL5HUZgHdu-1I149Khtxg,Eddie Bauer,-88.243865,40.1427776
RdwJXTQo3Ez9DAbGpybl_w,Six Minute Chinese,-88.240506,40.109988
iXhNbqH2oh2MBpXGeqwEVA,Campus Property Management,-88.2348756,40.110008
DyHlm1sLDf6qHHMbII6Ixg,Fuad's Creative Hair Design,-88.2390008,40.1121231
0EWcuUX4d1MHcVdIJIX7gA,CompleteCare Pharmacy,-88.2428274,40.119933
_n5wggIEfBzCUepjgvHXAQ,Sushi Ichiban,-88.2283044,40.1108681
-2q4dnUw0gGJniGW2aPamQ,Fiesta Ranchera,-88.2457853,40.0940675
qQwJ97VEyuMyPgDWF_Speg,West Quad,-88.241593,40.109905
O1Sp0pDa8wmMfOC-FUGZFQ,Dairy Queen,-88.2762061,40.1585488
MV2sYTXcBz7bH4a960ac7w,IHOP,-88.234234,40.1105469
1E57waB10Z6usQicefQ59g,Sport Clips Haircuts of Champaign - Neil Plaza,-88.2447532,40.1392483
m3qsb7Xf9Pivg9GAvx-gog,Kamakura Japanese Restaurant,-88.2435628,40.107869
hMgIF04rrJ7oB1lGIpFt5w,South China Restaurant,-88.241292,40.112114
PpfKNt980UC4KUFxfoxNXw,LensCrafters,-88.244297,40.142648
tZT_0yAeFxuihVnGXoCbWQ,The Blind Pig Company,-88.24228353,40.11698563
EmezZdxbvjydG5FkN6Mecw,Fiesta Ranchero,-88.2457853,40.0940675
zWVAg3TITCA6Rnolas_ycw,Super 8 Motel Champaign,-88.245764,40.1385239
_TWp4gqGF7tQUGloTClcNg,Brixx Wood Fired Pizza,-88.2458718,40.0903007
zV_aclADLjx2KOql9F_FTw,Crepe Cafe,-88.233777,40.109986
yW_8mPOU_7ee2XQy2BqOYg,Sephora,-88.24457199,40.14322185
xfey6Kewyw_vS6y7mRV_Sg,Helzberg Diamonds,-88.243865,40.1427776
zTGxLMOd9crAz0XNzqrcrA,Empire Chinese Restaurant,-88.232373,40.110554
jK8PNNtv4RI6m-xd-tGjPQ,Firehaus,-88.2303603,40.1096938
8BUVhDF9yLzzthhFxeceYA,Murphy's Deli,-88.2407279,40.1127011
rOOsFYRPiTOcOnaiChJklQ,Alexandra's,-88.269366,40.114831
2t8Z3VwvV6YpW2gnP-VHig,Bella Mia Boutique,-88.2443402,40.0995943
1KGLQ6Sxji5jqsQnsC6fdQ,MezzaLuna,-88.295835,40.081896
ePPpo0BL1J_59RQHI3HRVw,Hawthorn Suites By Wyndham Champaign,-88.24561,40.0967452
SnL1Fou0_JMlhULRky32Og,Hair Benders,-88.2304036,40.1099946
831BmmuoZF8px1KhBmRB9w,Rocks,-88.241292,40.112114
CfGeAkLKLoKvzSZJxoaicQ,Tri-Color Locksmiths,-88.220908,40.1166834
o2zAHduE6ubeqR7kaHzSvQ,Bangkok Thai & PHO 911,-88.20067093,40.1236712
r_QcMIgY2zxdcV40kK_rxw,Applebee's,-88.2585732,40.1421036
H72xXZeGbu_LsITA1DaDZg,New Life Tattoos,-88.2331177,40.1104696
pR2rOXAExYQ5P-EQq2akug,Simply Mac,-88.243865,40.1427776
5_cn7M-9swHrFbnqZtYGBQ,Bangkok Thai and Pho 911,-88.2325823,40.1105683
r0LC6H87QKBj2TZgyeFrkw,Car-X,-88.2301691,40.1160151
Juvp9Dkg4k4hpxUsSd1sUA,Illini Union Bookstore,-88.2288864,40.1087201
gaviK8-M4QdeoQOiAwdaYA,Jersey Mike's Subs,-88.2314617,40.1099251
zUayeEQ3_1fM_71X_1PdGQ,Let's Take a Seat: Thai Cuisine,-88.2963454,40.0818267
xD6Q0UFxO8uE4bdaBDIMlA,Hot Pot Lab,-88.237281,40.110518
9THHuQ9L9HwBvgs_51futQ,Classic Tan,-88.2434682,40.1088651
bQ8ndy52Rcdv3uYvoJWQ_w,Seaboat,-88.2487949,40.0977581
mG3SqAh1txeosGJBGfwFTw,Quencher Smoothie's,-88.243865,40.1427776
5IfCk1FI6SXZcI_bsNcTjg,Chester Street Bar,-88.239519,40.1154409
XtJj67rKT16a4tQw7bxtyw,Basil Thai Cafe,-88.232373,40.110554
xHjcLBgB3i9u_dHQZ8rirg,Wedge Tequila Bar & Grill,-88.297332,40.083446
ROqguJiDvDB6rsFCyk2MCw,Hhgregg,-88.2542184,40.1427094
tNot7SJRwpWNGCUaixcBaw,Dandelion Vintage & Used Clothing,-88.2428439,40.1172781
vqEtZ7CtNB9G8WMzjwJA2g,Wedge Tequila Bar & Grill,-88.2438559,40.119807
9zGkU1ahmYCn3DlnKOXhqA,Arby's,-88.2575618,40.13114
fPpx9GMdn4EsGy1HWw1ajQ,Ritual Salon,-88.198802,40.113313
5uvf3QpmrdU2aiqmF4278A,Bob Evans,-88.2444325,40.1375386
flEWXAdRcXAYJYc136N-VA,Day Spa,-88.243865,40.1427776
Cd_JVOq_cBueqB9q3X0rkQ,Ginza & Co,-88.233756,40.116052
ZYjxr9aBdbUuZ0xjpMmUpQ,Cost Cutters,-88.242771,40.110526
FeXsYKhyJ7F8t0-kn5JldQ,Schnucks - Urbana,-88.2029151,40.1139865
2zAj0Tqc1i8bz_FTxPVvIg,TK Service Center,-88.197965,40.127676
vV6oNhupyM8gEhjmhqLPjQ,Anita Purves Nature Center,-88.207736,40.126648
6ockUmdOBYBApEsUCJkBzA,El Oasis,-88.203156,40.117278
Fo1VZNRK9Prl8oBlpSYXkA,Harbor Freight Tools,-88.1979037,40.1266517
cTyDIHI6oBx-hwEX0c_CpQ,The Place at 117,-88.239682,40.067406
squM96Zm0Ae6K3wvaHLuBw,"Attention to Detail- Car Care Specialists, INC",-88.2021004,40.1159437
7nwdI1IGQicFAkYljdfjjg,Tradehome Shoes,-88.243865,40.1427776
C_Zj7H7bUJ5kGCwFmEwW6w,B Won,-88.2452981,40.0920944
kCuVBEfMDzDM4X840R5J7Q,Staples,-88.2602678,40.1391816
WJZQgKGXbJWmDQb1Q0oqmw,RePhoned,-88.235856,40.110531
exx_UjNFHW2uPI1ZT7JFNA,AnSun,-88.297332,40.083446
XB9NX-_MsNOwyLw5PrMkmg,High Caliber Training Center & Indoor Range,-88.188677,40.148924
S27XLKsX1B-scfdDQ4rTGQ,Hardee's,-88.2796597,40.1278221
pLBF8QrRkMicJcsjAqW7ag,Walnut Street Tea,-88.24320216,40.11547215
Z2W3K8x9cRGXvlGWerZH-w,Big Mouth's,-88.2324709,40.1102889
hxWqksXGHiwz2qINMb7FVQ,BMI Management,-88.2450068,40.1180841
5r-kh_n_ivSmkrfGMtbtog,Baskin Robbins,-88.2439326,40.1104641
jKxES7iLV63H_PfyGVGIDw,Lai Lai Wok,-88.2333105,40.1104755
KuJEyXesWoyOm3GQm0rqcg,The I.D.E.A. Store,-88.2419785,40.1126156
FM-rxNJP7eSXZGwizEd-Dg,Dunkin' Donuts,-88.2439326,40.1104641
cDGaMsCAx8guR1IUrxLxWA,Pho Cafe,-88.229804,40.110039
DDm_333l9fHzlv7yfuF5dQ,Arby's,-88.24637568,40.08427941
Fd8ip3t0BN9fTkr5IeLo0A,Great Clips,-88.2194136,40.1056512
X57f6FWZiwI1wOidPPhOrQ,Dos Reales,-88.2584824,40.1298862
348w-oczUpMY3LN2J6vW5A,Vapors,-88.24375397,40.12205278
6UiBaTM6_ENF_L53C0CHTw,Brass Rail,-88.2428643,40.1161349
-V5TWGIPD8KYBr9fhq0h8Q,Krannert Art Museum,-88.2317371,40.101862
3iewRRYvMWqXEmpQLDmJBg,T L Jones Salon,-88.294407,40.08514
cFXbnUGRNYI4gVR2WIBHlQ,Toys R US,-88.2396522,40.1357212
EoaTB44JdC-Fy4NKc6VSjA,Baytowne Dental Center,-88.260388,40.1378171
0mhOoKxdWMPg4PvozmSMbg,Piccadilly Beverage Shops,-88.2441689,40.1111456
VbBUGAt4eEkIkTRqjCdMTA,"Dankle W Casey, DDS",-88.243852,40.112777
V37dliVYR6D6InG3-XCODA,Notes N Quotes,-88.2317452,40.1092784
EVkytEhlC1nswqmgrHdviw,Bo Bo China,-88.2331177,40.1104696
Y8C2FuA0Aiy7uMgXXa3HUg,Depot Barber Shop,-88.240606,40.116715
QOg8cBYeaublNpmPWV-k_w,Record Swap,-88.2380866,40.1166071
Gr3iQWZcBGg8pjf3xwreew,Wingate By Wyndham,-88.25228371,40.13816449
z-kUTHzcJSRiTvhtCT4NIA,Market Place Shopping Center,-88.2410271,40.14172884
XYhqWJmUdrUVLvWMwUdMHg,Fleurish,-88.242084,40.117022
abA0s0uxoeOn7zNm-1dDxw,Mia Za's Cafe,-88.2292247,40.1101105
ZLofIeFAe21ViQUNORvCsQ,Residence Inn Champaign,-88.251416,40.138131
ePjwt-5ot1BG-KozlXAt5w,Lucky Puppy,-88.243865,40.1427776
cFp-Kr831uIA3F6o5aeV2Q,Sliders,-88.2290836,40.1102406
xDVK90C8qTDH5mqVQfyyjg,Chief/Bauer Service Experts,-88.1973475,40.1165423
tr_xyTPLCy_iBhg6GFL2Rw,Browne's Fine Jewelry,-88.2468743,40.098318
i9M6oO2LMUrrEytHnHjyLA,Kaiyo Japaneese Restaurant,-88.258404,40.1451769
bLSa5YFX6kKci_-nLz_0qQ,Red Lion,-88.235626,40.109909
liYoXFyQEfxabxC0XCejpQ,Jiffy Lube,-88.2457236,40.0935474
fsklFcY47qJIr0mjgobuUg,Ford City,-88.24743,40.090444
JXuZErpQIO9JlkzJ13kJHQ,TJ Maxx,-88.2416904,40.1377735
8ztbiTDIi-2yQLVul58c5w,Doughbelly Subs,-88.2963455,40.0818606
HRY1KRII0NXbQQumf9vaKg,Christie Clinic on University,-88.2438479,40.1155244
44pzzXXYBtbC0QxHFosagw,Perfect Arch Salon,-88.24596405,40.11352663
b6Qs4JBySc_LZZ8Hfsf7vg,Champaign Chrysler Dodge Jeep Ram,-88.249578,40.13845
3AgIRb50RRbwvI54tAhlEA,Restoring Balance,-88.2413998,40.1175979
a92JNh69GKZod2RAadWpvw,Kato's Cajun,-88.2412504,40.1166102
EGaNNRcQLxtEauvfQP91kg,Living Yoga Center,-88.23839,40.1149289
RofPcfgxItpYw1eQ3e1Hjw,Nitaya Thai Restaurant,-88.244967,40.118535
XIMUsIYfcMuY8G8gq10fyw,Melby Chiropractic,-88.243229,40.1127759
mG3HelRtZVLO3QTYcX4g8Q,C.O. Daniel's,-88.229887,40.108173
OyBStpjF5e_iRCMXflFasQ,Evo Cafe,-88.2306035,40.1094391
R32Yh0XxxanldkIp11fuRg,BoBo's BBQ,-88.2715751,40.1125152
VHskIuH12SlaguUA83XmYA,Burger King,-88.190285,40.0974422
EYmj4QlhqgrsMXnLeGLu3Q,Curtis Orchard & Pumpkin Patch,-88.29501629,40.06342435
reIuSgn4LJv-9YF1hxx_TA,Forget Me Not Florals,-88.2921146,40.0692716
VIkgQm6kECb_b6tk3jNqZg,Lincolnland Express,-88.230418,40.110129
mZJdFjxvVddqPN5RZdKSHg,Jurassic Grill,-88.2331177,40.1104696
q2MK91fumYhohNqSio5m1Q,Tires Plus,-88.2560221,40.1377225
6Ujvqa50oe8fgT5iDEx42Q,Menards,-88.253143,40.144694
x792tXM8gIf6-nU2IiiAEQ,Five Guys Burgers & Fries,-88.25869959,40.13772933
PmVxbit6HDDsEUS-j9aDfg,Billy Barooz Bar & Grill,-88.2967042,40.081317
ZO_BLTRN9hsxjO5LsNnp0Q,Aldi,-88.2567358,40.14873373
h2vFVV5pJjn8arA7GR6mQg,Zelma's,-88.26396859,40.08319114
FTky74MxFIMvAJepeUUzEQ,The Cookie Jar,-88.2302064,40.1094299
njngMI0mhAGJ-kH0oo68Ow,Home of Gourmet Chinese & Thai Restaurant,-88.230005,40.108116
qeJnMI5RmyJ2TZvkqvjn6Q,Biaggi's Ristorante Italiano,-88.2470018,40.0865554
BU44MZzM82yPiBhMyj9r7w,Sarku Japan,-88.2396119,40.1430719
0aA5l11oXes0aS6mkN5lMQ,Szechuan China,-88.239211,40.112825
lZ0W0-pQyS35ahsrZezNiw,Natural Gourmet,-88.24795224,40.08678485
Y27oy6OqXA5M6E0N8MaeLw,Bed Bath & Beyond,-88.24012564,40.13680611
pA3ltu4j31uatVu0_Gu1PQ,Crazy Buffet,-88.2547899,40.1431418
tx_0mIXEr4TPucSYyfA2eg,Sarku Japan,-88.229156,40.110821
yh-JA5fV2QkGaBUjfvioIQ,Fannie May Fine Chocolates,-88.24319,40.112354
o5Mofj5KJkYAMs_fhxftpg,Seoul Taco,-88.2303911,40.1114033
Z5IyqfTukNu5nSEkKMcBGg,Ramshaw Real Estate,-88.2508895,40.1159918
ndyX7UHI9XHWmZklg_TCxQ,Pasha Mediterranean Cuisine,-88.2963618,40.0816364
whaFdQjOYoc5pyOG5o7HUg,Beck's License & Title Service,-88.2441596,40.0987859
z50FVnW-Lcevj8z2KZQ_gw,Beri Frozen Yogurt,-88.2304104,40.1102758
N9bjF5E2ms6fSWEMmvt39w,Pickles,-88.2441689,40.1111456
PWs6xJQJPHxknd3FcdKn9Q,The Fubar Lounge,-88.2344345,40.1105509
WdLhSeiF4VImXkc14gnC9g,Jos. Kuhn & Co,-88.2416361,40.1179288
hBiy4-3VVGsdAageUvE-JA,Hobby Lobby,-88.24507219,40.14008641
Yizfq10Z5TeMxoWsbEH4uA,Bark Avenue Canine Coiffures,-88.2947779,40.081221
kyXEnWKQGWSThY6EcjORuw,Zorba's Restaurant,-88.229304,40.110085
RLKjtWefVl3I5E-7EgHkJA,Green Street Realty,-88.240832,40.110496
76r8VHva6jgDIAn6rRMuMw,Orange Leaf Frozen Yogurt,-88.2314522,40.1105073
BEeapkA6bw4HMZe7b2z7aA,Ivey Auto Body Specialist,-88.2316279,40.1159902
e0tj2Jip560QbC8N9pF6xw,FYXIT,-88.23660417,40.1103681
WpUIXWf8QYYeTVSisApdSg,Rick's Automotive Service,-88.239454,40.112846
8d30a9Af9XJ8c8TafRDcfA,Circles Boutique,-88.2434931,40.1168629
hHVovM_cr6GSrjDTyWfsuQ,Cheddar's Casual Cafe,-88.2584949,40.1413931
xX2uM2EIeR03KrGBCrOrcA,Los Amigos,-88.2331177,40.1104696
iO86eCaZJBHqi1sZ1ELk6A,TGI Fridays,-88.24530029,40.13752747
ZMcbVIEXsLO7j1Q1GXKPSw,A-Ri-Rang,-88.22904367,40.11117352
c_pScQ7eKYTesWkcqDMn-g,Women's Health Practice,-88.246806,40.087669
SViPlfsmwqvWNxZuVOgOMQ,Subway,-88.2296109,40.1105931
D3lAX4-ZniCmfJ7xagD7GA,The Auto Mall of Champaign,-88.249587,40.139273
39Sa6I5Bf6hN1KstkpNHbg,"B. Lime, A Green Store",-88.2429257,40.1200226
RTmIbq33chUSa-etGiF8Lg,Bombay Indian Grill,-88.238369,40.114132
W6jzoeuL1BVNHHAJ7Z1z3Q,Evolve Fitness Club,-88.24341327,40.12026267
LH1ymLkoGVOzpBSrKQcUJg,Nantucket Cove Apartments,-88.252512,40.14008
1xeyFW6daV8jdt3dM1nhqQ,Subway,-88.2965982,40.0836476
6WMSw48PHoHboOG33R8OJw,Professional Property Management,-88.233285,40.112407
WIr0rCJIeT2dJPWCZ_fffw,Grizzly's Chimney Sweep,-88.252844,40.0857444
OkD42cWX6WjgDeLFdWSgXA,Mike N Molly's,-88.24183915,40.11658116
ODURDhURWmZr6b--O4nt3w,Jupiter's Pizzeria and Billiards,-88.24151398,40.11774191
itAarV1gSFcLcwcK4AUryg,ThirdSide,-88.254522,40.088439
CxleUE5milDH9tayYjhzDQ,Paris Boutique,-88.2589547,40.1426336
EKQiKd7EMZjsa4JokFaeAg,China King,-88.2481135,40.0878338
vsoEZauF4lrADIqCYXySFQ,Chopstix,-88.23669,40.110524
7B-suS0RHxqxZBBfVfiPLA,Olive Garden Italian Restaurant,-88.24112795,40.13585198
NFUINoS0tUsp3qy7wLIB1A,Dorcas Restaurant,-88.2330779,40.1100319
0FrYsoVHheQGoXEQsH2d2Q,Aroma Cafe,-88.2432469,40.1170558
cMa7IWJmLpLaadC12EUq6A,Skins & Tins Drum Shop,-88.2420424,40.1177896
54fRA8HnuCLlXfTcl2x_RQ,Kohl's,-88.24166,40.138566
rM1soPduv--f7ILhEdb8GQ,Walgreens,-88.2327276,40.1099849
0-WocGTpO3Zm4q1Zzz49Rw,Sushi Kame,-88.2448027,40.1185309
v-ZlnT-EQC2MJ3VgBUPMsA,Busey,-88.250455,40.084077
bVOjqBBkzVdCaNNug56U8w,Computer Deli,-88.2411564,40.1379855
Ff5Prnw-k2tiDyujiIknsg,Albert Jodi & Associates,-88.2441689,40.1111456
r6Jw8oRCeumxu7Y1WRxT7A,D&D Cleaning,-88.2072697,40.1105875
Q0w784rNuI595iPSuFvFXQ,Greyhound Bus Lines,-88.24115343,40.11608555
IGb6MjNdPRsNVNEplGG3RA,The Blind Pig Brewery,-88.243038,40.117021
XrFF2f26Lc9uNu0gVc7PvQ,Te Shurt,-88.2295366,40.1099093
WAAYgXdq-1zdo5Je-pq3kg,Columbia Street Roastery By Herriott's,-88.242132,40.121275
3B74iILT_W1ptfQeW7pIYQ,Buffalo Wild Wings,-88.260388,40.1378171
NsHKS_H2EMBYT-7KLWqjxA,Voice KTV,-88.241673,40.110524
uzpdcxvlKx5BuoWU3NRHbA,Minneci's at the Crossing,-88.29638851,40.08171193
KNe-4VJ1Iupals0RQfo-Pg,Concord Custom Cleaners,-88.243841,40.11231
IJ_1Hcuh89ETzDFK6pXOpg,Starcrest Cleaners,-88.2441468,40.1092791
9yBby69JbkG-5ZcwsnUPCQ,Allied Van Lines Agent,-88.2486681,40.133907
0WOlYhMZFtitsupK3VP_2w,Champaign Dental Group,-88.2439872,40.1084118
EehOMgunp1FFWGiD3lxmaw,Bella Vita Massage,-88.2450068,40.1180841
zK9uMcGxF7AmZ7lPiB0PKQ,The Illini Shop,-88.2305599,40.1096976
HvRWUE3yP3mY4mZiG6UtJg,Einstein Bros Bagels,-88.25734964,40.13657944
-LfTBo0oa_uD454ScEW2XA,Merry-Ann's Diner,-88.24289991,40.11813314
ZiLOXVloAOtr9_cpQTpr8g,University of Illinois,-88.2302994,40.1126867
ySwLtt6RJ4zDhBHLUyMTWg,Jo-Ann Fabric and Craft,-88.242982,40.131082
un_vCJlJHkd4g5PrAxPJhg,All Star Nails,-88.260583,40.1379499
LElQBiDw8HyU_LrbjP8C1A,World Harvest Foods,-88.2307377,40.1159605
Qm-aVVqYbI44KYCTcw5Lew,Speed Lube 10 Minute Oil Change Shops,-88.2347335,40.1159854
J03fJlz-pi9x2oqxZ4vRng,Chevys Fresh Mex,-88.245935,40.137405
vxtVFSa9_sFrUA4NYe4EJA,Rick Orr Flowers,-88.25614,40.101581
izd105KSPs3n5ijj1cICEQ,Gander Mountain - Champaign,-88.255441,40.140236
QN8RBpGAtaMlFiTM7jiuJA,Euro Mart,-88.2401565,40.1126367
E6QAh8UPRo6Tlg6hkcWCHw,Bombay Indian Grill,-88.233544,40.110474
C4C2fSGz06_5rLvvM4KweQ,Jennifer North,-88.2738654,40.0982232
3QMqesQ8a9owW7DmqcgJsQ,Pampered Pet Hotel Daycare & Grooming,-88.247811,40.133373
_a6jhRFIgOe74U73T5B-Ww,Fiesta Cafe,-88.2384807,40.1147989
0LCgN42C9H6iqClFevdiBA,Papa George,-88.2441689,40.1111456
uu5ApFAvmi7_mqXwxob2LA,Target,-88.2546292,40.141908
B_dwXxYZvEL032j9kUHz9w,Dentistry by Design,-88.2431953,40.1390293
fY0Dpw5a3i1CMjMuT2SaDQ,Holy Land Mediterranean Grill,-88.243543,40.1221403
Z7lIfcYVn1Ia5exVoSiNIw,No Regrets Tattoos & Body Piercing,-88.244428,40.117989
WO2nNar_wIQ3fIAfF3MM1Q,Exile on Main Street,-88.240606,40.116715
eeZmALTX-rhRw_8CEgAm0A,Elegant Nails Lounge,-88.2460119,40.087261
mklo4H47YWK7f18YXTCEoA,Murphy's Pub,-88.23018797,40.11037991
wfO1xdAeJMb_miGDU19W-w,Carmon's Bistro,-88.2438559,40.119807
5MIlBlL7mOaNY-bULd9Faw,Larry Kanfer Photography Gallery,-88.2476067,40.0823677
-fiUXzkxRfbHY9TKWwuptw,Destihl Restaurant & Brew Works,-88.2437014,40.11837952
0ShwfHpDi1c6qAZc7P2lzg,Royse & Brinkmeyer Apartments,-88.24656,40.112336
B0xqLfgBlE6kmCz3ux7Oaw,Clutch Cuts,-88.2433126,40.1152039
L2c-qKZWumCmOCR-dqBLrg,Seven Saints,-88.24201277,40.11655588
a1sp-PiwbAthYG1JR8NfLg,Silver Mine Subs,-88.229693,40.108174
wBQRhH9fEqME-sPU5sUlaw,Harold's Chicken Shack,-88.23147,40.1092117
OB9fA3C-7ppMH5mZFw71AQ,Champaign Surplus,-88.243971,40.114015
ofsMiZDWTiXgo5GefquVQg,Meadows Animal Hospital,-88.2904,40.148073
CrIWqmuO2uQWwl3z11K_BA,Pizzeria Antica,-88.242964,40.116869
S_9OaE_RBWBIXnUKvxJKsQ,Watson's Shack & Rail,-88.243876,40.117733
nh1-ax9wPNCqskcJYIWogg,Buttitta's,-88.244236,40.103246
tQaIWc9qeiB1IU163LKlAw,Panda Express,-88.2290979,40.1105984
fZQ3QjGMRELHG9f0WnN8vw,The Habitat for Humanity ReStore,-88.2377651,40.1160509
rRc6aK4n2oSXLQniRCT4uw,Christopher's Fine Jewelry Design,-88.2432217,40.1172064
Wde8Ar4-guQU96FrNYED8g,Orpheum Children's Science Museum,-88.2425219,40.119484
dKncjeWnvdqYiNC8l26fog,Jimmy John's,-88.2408101,40.1097893
nsSfCKW9KDB4COj9bzXApw,Red Lobster,-88.258634,40.138424
6mYtRm6smtgt29hLxt1vDA,Haymakers,-88.2487422,40.0897722
ChjKd6HgLKmUAQnsrpDSBA,BJ Grand Salon & Spa,-88.2956914,40.0850604
uKdn-wNKssUwdz9qlGiwDA,Meineke Car Care Center,-88.2025,40.11993
yw3dfUD1PO8EdGLHdbGevA,Espresso Royale,-88.2272315,40.1047959
uMHk2kudlAN94fFVNdYhxw,Long John Silver's Seafood,-88.2583071,40.1290679
shSmfhvCMwreLBmsivN6vg,Mattress Boss,-88.25754,40.12617
r8R7dWTZEbJUd6gwrVsUNg,Chittick Family Eye Care,-88.248006,40.079617
i9EHm7n2pvKoliAMmCth0w,Hansen & Co Barber Shop,-88.243715,40.106749
xp9-HFOcV93zdQxNuH5dUw,Anna's Nail Salon,-88.243851,40.105187
yL0PKzDCONu3jHpJG4tQSQ,Ward & Associates Realtors,-88.243169,40.117819
PBmfdx-tC2D54FI3HtcKww,The Ribeye,-88.2454553,40.096106
NEVA0IYbawceL6kz5v5DAw,Kofusion,-88.24323304,40.11856662
XODz0rilGYo6_xd5e7isOw,China Garden,-88.2030631,40.1134464
0GRVMdloeBnXd0wZIVSYXA,Bobo China,-88.23175193,40.11032891
NpNSOfnPxJKa8_qh83NArw,Subway,-88.244739,40.0997492
QqwF1EXpSjivBaXaZWmDkw,Ten Thousand Villages,-88.2428608,40.1167333
wDgPYWuBzBTZkeV6FgyEeg,C-U Pet Sitting Service,-88.2550943,40.1150689
jeTfL2kCyBtmFGSrSQHqVw,Bacaro,-88.24260192,40.11690698
pilPpu6CBnGCHPXHDnp5cg,University Of Illinois Arboretum,-88.2191139,40.098168
nG59soBP2SaQ25rf2n-0bA,Atlanta Bread,-88.2459946,40.0929439
-8SG5t1yznyU0fy6_CWNDA,Juno Hair,-88.2290836,40.1102406
0dRFng9hongv16QE976OTQ,McKinley Apartments,-88.248657,40.0948209
F8O0Acq73N4gaogT-V49Ow,Barbara's Alterations Plus,-88.2394277,40.1148749
SoEim3PnWJ-M6eK60Ul5tQ,Mobil Super Pantry,-88.2770969,40.1585924
lXH-2--dUls3FSPsnJFbPQ,Best Buy,-88.257877,40.142386
ZePevVVz912OfLNUeB8SGQ,Red Hair,-88.2304604,40.1094534
9blzfKUQ7nsWvNM5L4OhCg,Titan Games,-88.243891,40.107102
JPEYaTqH6NMYIshECydAyw,Lee's Oriental Foods,-88.247057,40.098746
FbvSgvPnkKNONXjesuAz4g,The Upper Bout,-88.243891,40.107102
lEfDbMH4ON41L2ByGALx9g,The Music Shoppe,-88.2421214,40.1379861
zPPw_vUatLmvnRpW1OoX6w,Am-Ko Oriental Foods & Gifts,-88.2384776,40.1121498
eSwFcgCF_ENjqSq7NZGx2w,Cassel Home Comfort Heating & Cooling,-88.245642,40.089545
bXHbLuxyBZemyB0j7GJbTA,Boneyard Bar & Bbq,-88.241292,40.112114
MQ-xcuUXXBYvrXzy7BmOFw,Hooters,-88.2468548,40.1271729
90-SH6kAdzQfld_ydZljyA,Plato's Closet,-88.2414285,40.1374653
RfQViSM_mibezqmyA-iMnA,Town & Country Apartments,-88.1957748,40.1220954
Rdz-eq_WcjybqwfZ9Ck_ow,Above & Beyond Detailing,-88.199405,40.11322
3Sstn_TJAopMb6StUy09ow,Faith Church of Urbana,-88.2007095,40.1316089
yLKoESPQ8BN7dn6ADzZicQ,Casablanca Kabab House,-88.2298014,40.1102799
SGBiu1PcNlLv25j_tWMOjQ,Finish Line,-88.243865,40.1427776
xQuz-tpHwPMa-fxoqj-TuQ,Pitaya,-88.229381,40.110084
sVh1syJsEs3DXWE085SSKA,PDR Automotive,-88.201626,40.122283
ckdGk8ForF9zEczmu4-tTA,Strawberry Fields,-88.2113898,40.1126128
_p-d4eRivLbNV0zuVAnlSQ,West Main Dental,-88.20836887,40.11230791
RQCwzqEgjzApDf9RY8z6hA,A To Z Appliance Repair,-88.1976247,40.1122972
k9UXfEISfhf0X7hHWNW4dg,Shear Impressions,-88.198476,40.128357
0ptR21GHRuQ1MFtxGNcxzw,Milo's Restaurant,-88.1904943,40.0838527
SCjvNFoH3egLMQfcs3Kvfw,Rainbow International of East Central Illinois,-88.1953776,40.1274363
begeeyGxPg1Jv8vooAWVTA,Piato Catering,-88.2070866,40.1105839
ToqX3vzWdOVSrEAkNVXYuA,Carle Clinic Association,-88.1841893,40.0849695
KfGaDOcxPwvD-nlYtjVIpQ,Kcm Auto Care,-88.198912,40.129519
cF0WRk04GfH3iwvwQeXSdA,SportsVet Animal Medical Center,-88.249418,40.071089
dIUHCuiAlzkxfgCEOtky8w,Triptych Brewing,-88.249369,40.076844
jDlvFXuxis4rC2NcWQbqig,Thomas M. Siebel Center for Computer Science,-88.2248073,40.1140258
C8pQz67ragXUlee19tCivA,Starbucks,-88.22198879,40.10693378
-5NXoZeGBdx3Bdk70tuyCw,Po' Boys Restaurant,-88.2058742,40.1176953
A_wn7gdvQAv5F2-0CBjgEA,Buffalo Wild Wings,-88.25128555,40.07018999
uqBjt4GwuUi4voeBSDleRQ,T&G Construction and Maintenance,-88.283499,40.109645
QUKYGGowrarEwYdBYMxnxQ,Savoy Super Wash,-88.2494097,40.0674149
LPlK8Pv8tLjRCRBSoQLYDg,Mary Kay's Holistic Beauty,-88.2499772,40.0636052
eN5gcA6Iyzji-CmySyWf2w,Mr. Rooter Plumbing of Champaign,-88.196549,40.127449
p1aZIYK6YRG2hFYLxxLtdQ,Urban Beauty & Fashion,-88.197903,40.1262967
ObNQVg_ohRVLex4ppmMC5w,Sonic Drive-In,-88.2533217,40.0588789
AZw_8ngMd8vnAbzKX7zPlw,Pizza Hut,-88.25165192,40.07066053
ENAEFivSyxH-Vo22pwLdxw,Subaru of Champaign County,-88.24836731,40.06913906
JbnNk6do3aHF3Kr1bX4HzQ,Jupiter's Pizzeria and Billards,-88.2963437,40.0815042
8vtBOezjz9czHfDCzHm1_A,Candlewood Suites Champaign-Urbana Univ Area,-88.2517249,40.13909
7AlULGZI1pHt0imODsqdkg,Potbelly Sandwich Shop,-88.231789,40.1100629
Rd5H5-3KbF0IwXSmHzHLdw,Derailed 57 Bar,-88.24061,40.117699
zoRCO-nmkMta4OS3gb_prQ,Tailwaggers Pet Chateau,-88.2500238,40.0542259
KUPKiomUAHyxBs_Lxeq4Vw,Walgreens,-88.1915127,40.0962292
fd3FpAydIPAwh70r9Jyxlg,Regal Nails,-88.2562,40.0489585
pFvyOYi1O5umrbzGVYSYKg,Edible Arrangements,-88.2402383,40.1379973
IwNXCRp7bp3BlNoUJMV3EQ,Motherhood Maternity,-88.2429304,40.1423318
_LtsxQ-_32iA8VL5GtLd8Q,Bergner's,-88.2451191,40.1423318
jUXfOQWlh4zUJz3qcelqIQ,Ron's Campus Locksmith Shop,-88.2318621,40.1104614
wCoAzScVWpL9bsDsyf1EIQ,McDonald's,-88.2044098,40.1182287
wlZ3ybXuoe3io2yuOE00rA,Dunkin' Donuts,-88.21142578,40.11675644
z3hD4GX5gSJtuqNhN-o2cg,I Wok,-88.25223752,40.05901152
io4Wup6V-L_RJpwdOoAaOg,Pages For All Ages Books Music Cafe & Dvds,-88.2515601,40.0695747
VHsNB3pdGVcRgs6C3jt6Zg,Dublin O'Neil's,-88.2438816,40.1190386
7nZ88t3E3hSgYoAvD1Hakw,Cakes By Lori,-88.2433829,40.1164204
ruNKGMxlL2ojNL_83jVeZQ,Angel Nails,-88.1905021,40.0843864
gZtJyb2oEpwo1rnovDVPfA,Intermezzo Caf√©,-88.222501,40.108
pKUFmHLUn1bBVKeEOePgRQ,Tire Barn,-88.25559318,40.13170256
HWFKuztbtwoqILVrJfacrg,Michelle's Bridal Shoppe,-88.2000889,40.1354605
pSNoCTOMGkB6SLb-A77yYQ,Karen's Kloset,-88.27891225,40.11488774
rfoAlKhD8GW36mhuE5-68w,Angel Hair & Nail,-88.2553746,40.1378758
rBj1vByP-GjXuNUR0Nj0qA,Kirby's Firestone Service Center,-88.210753,40.112557
vov_aU5cGD-EfUcmjSHmkw,Pretty Nails,-88.2071462,40.1112721
bkh5o6bCzDCovSkRYBsU1w,LongHorn Steakhouse,-88.2585101,40.1413941
azp7DHDIBynX2Zk-1rIujw,Wyndham Garden Urbana Champaign,-88.221811,40.131581
JZXLgxJLKd9T-R6hrJhRZg,Red Star Liquors,-88.208652,40.111959
4cCMR1kxIJqdJ8klLffmqg,Friar Tuck Beverage,-88.25158596,40.07087965
xJ8UiVH7yDXpCkxNyVw7EA,Mas Amigos,-88.2230758,40.11664894
vQmQMU3qbo1yZf5A2NoAyQ,America's Best Contacts & Eyeglasses,-88.2578767,40.1405598
nFGgnBrQuIDPBI3DsHHHOg,Bacheller David DMD,-88.2475075,40.115077
Hsvqv6AQQ13SvO0uGFu1zg,University Group,-88.2390528,40.1132632
uvVOuCbo4_5z_J5WJVG4QQ,Joe's Brewery,-88.2317829,40.109713
1jt4SuIHAtXD9aPnPqZ3BQ,The Art Theater,-88.244666,40.118535
EZOoB2D8uQHV_gJoGCMTxQ,Jimmy John's,-88.23063957,40.11036743
UiyjUa8CQmygujhe-ZYlsw,Movers 4 Less Inc,-88.24169887,40.12702996
SJZFzBeCAZEW4u8wQsGbSw,Ramada Urbana/Champaign,-88.2203993,40.1328743
wmhFEY8IctqfSBO0NDcb1w,Urbana Free Library,-88.2092503,40.1113078
zkieW2F82--bbOIRhOCj0g,All Creatures Animal Hospital,-88.2181002,40.1311623
UmZdQID7QJoyg2R92mK3HA,Siam Terrace,-88.209446,40.112708
wLcXsZYT12ovhj0wBe31Ew,Fitness Center,-88.263092,40.081166
D88CTD2UrsSTsrDDuL04_A,Jerry's Iga,-88.281506,40.1117131
RSNVVBTTNgJ5XlPMMDhGkw,Refinery,-88.2842912,40.109573
APjiYm_rDlz6LsJGT3yl_A,Connections,-88.2070265,40.1112693
sjpsGKPABZDnABCv3wYtUQ,Rosati's Pizza,-88.2217353,40.1065482
OC5BqhpPhnJJr7IXLsXIbg,Papa D's Bar & Grill,-88.2335202,40.1102514
iFWc6PuTA_mKr9liDeIQqw,GFS,-88.250968,40.142598
tEkUEOsxj9h0pzClYrGXMQ,Bar Guiliani,-88.229994,40.110635
KedpWqBphmRopwBd7trzFw,Wendy's,-88.2302966,40.11080479
fXn1STPwhd8KnVVt_dGPNA,Acupuncture & Chinese Herb Center,-88.2450179,40.1178493
YEpB1mdJUIaK_evI5RTNHw,Gretchen Klein Therapeutic Massage,-88.254926,40.10409
LcD9KtQ52qTwhJEahO8ohQ,Barr Real Estate,-88.2448367,40.0947376
dEKnEqm6Q44copoadiT8Iw,Perkins Restaurant & Bakery,-88.2253774,40.1165867
wPczEVoBQtfaBe9ARjgsvg,The Bike Project of Urbana-Champaign,-88.20700309,40.11135334
CmCqXvO1weWgwaZMjMa55w,Pandamonium Doughnuts,-88.22300685,40.10716414
VIJ2KiDKhUVhhpNylEIfog,Maize Mexican Grill,-88.2389546,40.1104086
phIxx-A5A0YYJbxQU3zpZA,Campus Property Management,-88.281324,40.1090521
nD4cF5IH8RE7LFGdR2FMUA,Windy City Express,-88.208633,40.116262
Cikls1ZzfgjCI0J4RKrQeA,Thornton's,-88.249161,40.073824
4Vig7oCo9P-j2OnPUfaXCA,Papa John's Pizza,-88.192765,40.098023
0r9T36NuaruZrCQt5gQ70A,Supercuts,-88.259614,40.143138
6vVkSaymw-4MOTPh68HN3Q,Number One Wok,-88.2430455,40.1101982
SVXpyYPAuvJVKcfZ0nMKyg,The Canopy Club,-88.223507,40.106689
Np7CVNMwqQ-4X_OYQJnVEw,Baytowne Apartments,-88.262351,40.140735
4M8RT8AAv-QMEDTq0hWDJw,Cozy Hair,-88.23715762,40.11046466
yAHU4LB7UkwaQlxLgbH61g,Campus Nails,-88.2308539,40.110053
N5PfEojrY4rFqpqzno4aZg,Bevande Coffee,-88.2240759,40.1138245
sOPBbhDCi7bJlW7dNBuITg,A Plus VIP Lounge,-88.209562,40.112708
0grgvnq4GgoY-estWytUhg,Timpone's,-88.2236523,40.1064412
-M7gHL2kShmPBqMif9_C9w,McKinley Health Center,-88.2199549,40.1026786
hDhC_DgEIKK5D961doKOXQ,Durst Cycle & Fitness,-88.2237355,40.1166867
5SG7wYkCdZ_3sTJ4SmjUaA,Skully's Chicken and Fish,-88.195036,40.105828
poYE-EQTahUtKed1ElgdjA,Steam Industries Vape Lounge,-88.2435385,40.1142632
gxL39GdvV7WCMcFBwoeSgw,Millennium Nails,-88.2429304,40.1423318
ZOWcv-6Iw3vCnVmXtojXzw,BoRics Hair Care,-88.25173504,40.07095386
sart5pCz8oUZsQ_3XplcMQ,McKinley Event Center,-88.250951,40.118726
DSiLqPi_2AoY6UsZRKez0g,Junior's Burger & Custard,-88.2715751,40.1125152
wDXaIt70oTpaWtlf6Xc79Q,Champaign Cycle,-88.2823378,40.1119904
P8HIJCYtN7ZIeuqNOmX6gQ,American Eagle Auto Glass,-88.253743,40.130723
6h4QQxgZ84PBN3nIea-DLA,Don's 24 Hour Towing Recovery & Repair,-88.2535942,40.1288063
1S6eB9Ag2VMx3Ab7LHORJw,Aroma Curry House,-88.2959126,40.0820233
OKHHpjAhYyJrxulgCgngFg,The Pop Stop,-88.2412504,40.1166102
b6YyQLxaRAq4OTFwdFMX-g,Casual Male XL,-88.263069,40.136407
Pz2mK5ZkmiWiHZG0OUcKdw,Rick's Bakery Cafe,-88.1890856,40.0918284
kJS54KSS6jvBk68lTmz9Dg,Truly Fit,-88.191704,40.094281
Igr5Id1TWyM3JLsY_td9_w,Jimmy John's,-88.2194171,40.1055528
p59c-k_zK1MwqFJUGVvI5g,Gasoline Alley,-88.2390099,40.112393
t6ufZ29wxZ9_zYO5DRPgwA,Smoothie King,-88.2296109,40.1105931
0xjqQ2h5SzWe8zsHr6BG5w,Subway,-88.2297751,40.1081556
wKaTLh2SJDmK1ihxgNq1zA,Creative Smiles Dental Care,-88.2431953,40.1390293
t_yiQnxUDdPPCN2z4QyezA,Golden Harbor Authentic Chinese Cuisine,-88.2441689,40.1111456
WO97KVFck0KtbNOOZINj7Q,Master Nails,-88.27870973,40.12734937
rVu3i1E4ekttmE1tzN-1tg,Walgreens,-88.2761613,40.1122927
RhktUZzsRLDdf17gY9W1Cg,World Nail Spa,-88.2773026,40.0975285
jn1OYfeYHjX2xjMReD7XXQ,Rainstorm Car Wash,-88.2584059,40.128257
dKeGw0LMgaSFIPZBV-yDOQ,Mattress Firm Champaign,-88.2586063,40.1374723
16LCSpOdfoxGpQFZTVr5hg,Country View Veterinary Clinic,-88.291058,40.112418
D-B5LsTHJgrhsHVex4gyHA,Layalina Mediterranean Grill,-88.239078,40.112801
lwPCzhceDx4nHlxu2JYRfA,Prairieland Feeds,-88.2523705,40.0517991
SiJ8eALRBJvrLnY5PDj9bA,Two Men and a Truck Champaign,-88.240958,40.133736
Y-rCSbMqXWk54bKRAIoyUQ,Caffe Paradiso,-88.2194085,40.1057373
RwHE2Rt-DHlwWuxFLjPbgA,Dos Reales,-88.223116,40.1166989
DnpyaIwBnUQ7kgaX8y2jVw,Prairie Farm,-88.283604,40.100154
i1YpfdZTpLj8TrKm9HlCig,Carmella's Creme,-88.2740905,40.112577
VsLcYJHIat78FUyP08GusA,Boston Pizza,-88.258404,40.1451769
_pMU6Wa2XZeRE3RxjgbKVw,Simplified Computers,-88.2436758,40.1056158
YERn2kltXVj9936i6T4Q8w,Big J J Fish & Chicken,-88.2386034,40.1269433
Q7-hLbFxUNVrCZx07py2ig,Eden's Rain Salon,-88.2435455,40.1202006
e88VWa9xdHmSFdMZne9eLQ,Mandarin Wok,-88.2330779,40.1100319
ngtE0_BO24L_AKDxDIvDYg,Gerber Collision & Glass,-88.26464462,40.13554074
6jsuYyjUM45WAX-6SxOQgQ,Marble Slab Creamery,-88.2518452,40.069776
C31ExBTn_6UxbTVkWPtNkg,Yellowfin Japanese Restaurant,-88.2470903,40.0987255
DS3-yphtWDHAdXLtIoqdAA,The Pita Pit,-88.229804,40.110039
aoPNxrEMG7aFzEuRjMy5Vg,Eighty-Eight Broadway,-88.2071686,40.1112551
o13eH93qmWVNFZogkjhd9w,Courier Cafe,-88.20902299,40.11282253
ldKrUirpZZ6JDnNwOwLpvw,Ichiban Buffet,-88.2783637,40.1170483
VU5Xd5RzFvSMKFkiwIgPUw,Good Servants Home Cleaning,-88.2799579,40.085282
qBUT5MfuEZ8HHfBLyt60Qw,Ewing-Lovett Transfer,-88.1982699,40.093268
2BEJCBkNzOBXaydBJf5k0A,Sonic,-88.2775335,40.1213626
W62GDd3OCQKXoifPHjaTag,Essential Healing Therapeutic Massage & Bodywork,-88.2506726,40.0628641
BFj_meEOFAtJ2w0ksJO8SQ,Simply Amish Champaign,-88.2409272,40.1200844
MqhxKfI7oMjUTMqH2gnhyg,McDonald's,-88.2430516,40.1375686
E8b-loa-89wsnJpu9ff_Gg,El Toro Bravo,-88.28981217,40.11239098
i6HkbGtxKPyREtrrcqU4QA,LookAfter Hair Company,-88.2335202,40.1102514
TPGX7BhNG2CX3DV54Pt34g,Beckman Cafe,-88.227516,40.115813
ZyOgY-z9sHdHp8_FDoQAJg,Scotty's Brewhouse,-88.245524,40.0922834
tH9fJdyaSM1SE7Fm6X11cg,Starbucks,-88.22725296,40.10924293
wanZgQ_5lm7K6z8ffReSfw,Weed Man,-88.2956211,40.1175633
b8zjLuBTk3SfqcNEMJUnDA,Fat City Saloon,-88.242733,40.110967
o-xFcSeSycAfqplklC222Q,One World Pizza,-88.231612,40.110827
CcDdWX48wSLD5L9hGi7A8g,Hyatt Place Champaign/Urbana,-88.24363522,40.11818568
r8h3_Chc7davvVelcvV-NQ,Kane & Company,-88.242185,40.116024
MA5R-mV6ljRM1MK6Mdiv5g,Panda Express,-88.243865,40.1427776
8TYYgL3bFEZVd1QuJMdl8w,Mark of Cain Tattoo's,-88.230157,40.1107889
tfLpb7o_w9nx7UihyLbq1g,Eastland Suites,-88.19811532,40.13103769
aODcYfWni7x_XnPL5E-fgg,Hampton Inn Champaign/Urbana,-88.2249375,40.1169949
tDTUSKxPUUkpFaxBZZl4Cw,Aldi,-88.277627,40.122891
YJ8Ehqq4Jr2_xmtRe5aXLQ,Mirsung,-88.2404819,40.1097873
KKOuKBbU5ksSuyCT6EUD5A,A Hunt Design,-88.2412504,40.1166102
Am0SxpDSVCYhliYPNCo20g,United States Post Office,-88.2351437,40.1104758
5CSGxhesXkz2XNQB8AP6Kw,Spoon House Korean Kitchen,-88.2296312,40.1106295
62Ibju8UmUZtPIBLDS_nUw,Tasty Fish Chicken & Grill,-88.2435608,40.1221402
LMwmAg_HZWDlynnIkGPnVQ,Anderson Automotive,-88.282532,40.1097899
dxVLIF0FXAx53jI2dj7ePw,Myler Automotive Repair,-88.2782731,40.1289255
cu0HbA8giZqOj1sw2AxDoQ,Fluid Event Center,-88.2826486,40.1208683
gnqHyA6gY2-m9S-FKt6Xqw,Cravings,-88.22906041,40.11122037
Jp46qQ4SJ1RxMAyJQdITvQ,Orange Express Taxi,-88.2434223,40.1064071
ZDqtSoXP-s7iOY-FChp68A,The Fitness Center,-88.2796957,40.1116906
V0NFkyg9EZ6_qT7TKFVN_A,Motel 6,-88.1962867,40.1305062
wYp3Xog0giOX5CFAv1pZtA,Dallas & Co Costumes & Magic,-88.238533,40.116032
SjFAUjXTbLZQKk6bgk36kA,Clean Houses C U,-88.2412504,40.1166102
PD2MAlYYi9HCqPH7IBKwTg,La Bamba,-88.230183,40.111016
ab-SN9sTNB29QzrgjgniUQ,Espresso Royale,-88.230208,40.1080874
SvxSoyZn0WW0c7bFLIYfMA,Baxter's American Grille,-88.24582994,40.09720989
Br2WIGAMaB6JnXUeOHSqyA,Midas,-88.2102582,40.1168107
SmHuGnqBCjGg5e8QAkBTtA,V. Picasso,-88.209562,40.112708
RT7C2OY2W675e6qUUrBdsA,Louie's Dixie Kitchen,-88.200627,40.123643
8mKV3KThn3wXGL3OVxrCNg,Sitara,-88.208652,40.111959
DuyBfbcffclckF_0prChpQ,Body Therapy Center,-88.2449119,40.1180024
c9PkUjunOI49r9oO4ZJcmQ,Taco Bell,-88.245141,40.096139
ewDdEJfnmGue19wrrwJwTw,Underground Printing,-88.2315641,40.1092381
2hIM1gWm5TV2oYwP7MX-VA,Pinky's Piercings's & Fine Body Jewelry,-88.2961058,40.0810999
QtRgDAK6k0JELN2_hi0ayw,Papa Murphy's,-88.2030657,40.1134471
SJU__uFMeCmpVQuec3k8xw,Carmike 13,-88.2602129,40.1474975
LGQ0Pggxk-dQNAqVA39v8g,Glenn Poor's Audio-Video,-88.2743131,40.0982349
1kFIdGb-ej5hYuvGbd8MUw,Elite Bridal Shop,-88.28095,40.115553
zGQNQUpKLnjFsgXg3GSQqQ,Regent Ballroom & Banquet Center,-88.25474,40.072363
Z7r_FJXEyfyvVsyv2y7gFQ,Cactus Grill,-88.2447937,40.0996476
1uq24KQXqJPz3xlVJJqXLA,Steve Tarrant - State Farm Insurance Agent,-88.2445287,40.1128685
c2dMnAVfGLm7TYkHYvcqNg,Campus Florist,-88.2299092,40.1101074
DTxj39kZVe3NUscJoPYUYA,Car-X Tire & Auto,-88.2460667,40.08672529
7U7uLS9YjjhBM1SoyNH30w,Basmati Indian Cuisine,-88.238369,40.114132
bmvbGmK2qzYnJwKkte9FVg,ABC Sanitary,-88.2483421,40.1252811
rf8x3ZTUwzmRUyJgoIZllQ,Spicy Tang,-88.22967064,40.11018144
wgBO_XpaLJ_MapolWUH9hQ,Jaivika Salon,-88.24627,40.11253
CSn2-XpArLLYeZ_k2BKzrg,Quality Beer,-88.24335743,40.11682766
K0XC6XMa7wKqQ2dzwkeQZw,Virginia Theatre,-88.2455847,40.1170182
kj44upIDaMIPlYvsuweP4g,Geovanti's,-88.2332899,40.1100246
hJ88unGZxRYN85XQ0qAS4g,Binny's Beverage Depot,-88.2568302,40.1435252
6U8Yniq8cMQcedhs040ZoA,Moonstruck Chocolate Cafe,-88.22911,40.109995
Frbldz6phswVyMNvwherhA,My Thai,-88.28589678,40.11309996
tjflM9icU-y6xqNntOXtOQ,Far East,-88.232332,40.115755
WDTzX_C2CbAwxBbqm-od6g,Cowboy Monkey,-88.2431341,40.1175498
1J4xQAz-4MfOmyFoyKIRZA,Microtel Inn & Suites by Wyndham Champaign,-88.272505,40.159137
YIh59OhCJl5lA4Arzi-vbw,Number 1 Nails & Alteration Shop,-88.240276,40.137997
V7CbZXLAG_wg-wZfQxCZcA,Assembly Hall,-88.23577926,40.09654624
eJtmOfqwGj5sYKQrB01oWQ,Slim Chickens,-88.2458708,40.0903091
D1NESoG1U9hVG52h7JDu0A,Gameday Spirit,-88.230618,40.110056
smEBGmtg-U8Rxa2P2jKClQ,Barnes & Noble Booksellers,-88.2399582,40.13666726
_zviKOPGw65MAnNjzFXSug,Lone Star Steakhouse & Saloon,-88.2586063,40.1374723
KDhBBJdfDVh0X4TuzNymmw,Dick's Sporting Goods,-88.2604358,40.14167117
U7T6ioQJ17YPh_LG6xDTWA,Which Wich,-88.2314522,40.1105073
BRcuGsWmju1KAC9zz7nicA,Illini Shuttle,-88.2302054,40.1093474
sy8lzojvZUcEf0qgytzznQ,Bent Bean,-88.2071113,40.1112697
hP2DOm7E2H4P7MOS7XN_SQ,Hamilton Walker's,-88.243875,40.117491
RwMlwusAtxZc5a3ZYduulg,Penn Station,-88.2306384,40.1107888
k441Clzdv9Ia4QZanEne3g,Wood N' Hog Barbecue,-88.233577,40.12454
dVBp-ayxdvwG95BYfqKwDw,Art Mart,-88.2071884,40.1112662
ovApUucCKSb9k0lTP2JieQ,Huaraches Moroleon,-88.1951107,40.105859
LMF8i38OeeGlcwU-E5TIRw,Urbana Landmark Hotel,-88.2088925,40.1111342
KCQNEIvtU48Mh07uS-_Gvw,Taco Bell,-88.22085,40.11634
bMEev3B405vXG2SJthbcBw,America's Best Inns and Suites,-88.2122981,40.1160195
dIZcPB3CtNjMn4O_p8QFxw,Original Pancake House,-88.278369,40.112887
jj6faQvSneofFt_p60G0fQ,Ultimate Tan,-88.2782808,40.1123685
k6m3Msok7bto6biv5guEzg,Pancheros Mexican Grill,-88.2458799,40.09183867
gnGM09Wb9iOIkqqSk522NA,Baymont Inn And Suites Champaign,-88.2479637,40.1357314
0QgFIP9W0eGZSxCSQRQSCg,Subway,-88.2217353,40.1065482
RDHH5aVSsblGfOf17P2Tjg,Tuesday Morning,-88.27888762,40.11443826
S-mHBuKQSR0WVJnQcSYiaQ,Champaign Cycle,-88.2089161,40.1120887
CObgcxFJuEXZZpm4Mw3z1A,McDonald's,-88.2452826,40.0975069
cCF7dh1RJahOHW7zO7RqNQ,TJ's Laundry & Dry Cleaning,-88.199349,40.125897
CpNMXASiwtJv5eCDf0n63g,Alexander's Steakhouse,-88.245468,40.135881
9XMOJYI0jh6cycrZK9Js4g,Campus Burger,-88.2429304,40.1423318
yxMhVaB65N5VGEWSvU9Qzw,Super Pantry,-88.251482,40.05889
f7weeBcs4D93MwBZJ2RhXA,Wild Side Smoke Shop,-88.241178,40.110589
1cLd6sLlt5SMiIhY8tmGBw,"Hunsinger Enterprises, Inc",-88.2173243,40.1315319
TMSLVs3BSutzuPZAD6jEUA,Super 8 Urbana,-88.2172225,40.1338584
s1Xweo1ouikP7EkuEv8sOw,Merry Maids,-88.203156,40.117278
pAR9IJFWTxKES1j-jPmghQ,Beaumont Animal Clinic,-88.199848,40.125869
wgImSrYc5LOcFaMcbOuxkg,Domino's Pizza,-88.2768244,40.0972527
gZI007iLBe_LZbrHSDxHtg,Art Coop,-88.2072274,40.111105
1ANFRM2vbofw6DDRebJMWg,Health in Harmony,-88.2070866,40.1105839
MeifqPs6WGgVeTNP-g8gfQ,Charlotte Russe,-88.2429304,40.1423318
20dcMWU65FpczwZjYkqF7Q,Portrait Innovation,-88.2429304,40.1423318
kUICYu0N_TbtCz0Z8ynPFw,Chipotle Mexican Grill,-88.23069222,40.11037478
t0f8qXrKGNWv6j8MGmosRg,Caffebene,-88.2218027,40.1065109
rWtglX0leY_pqi-UD820Ag,Rubens Chocolate,-88.2071884,40.1112662
Y1FmaM4sR6mII_06op7jnw,Sleep Inn Champaign Urbana - University Area,-88.219035,40.130801
iBRwl7sirmvg22AYnMPONQ,Miko,-88.21181,40.116124
Wq84zy8_rw1IkAqPcPqJ9g,Das Cafe,-88.2082596,40.1124516
RWD5fdO8pSoJdqUGmg35Kg,David's Bridal,-88.25513673,40.14089021
BvARTl3t-aztQ9HPKc9xGQ,Domino's Pizza,-88.238411,40.1104557
YG3cf30rN3K9H56-JOG6Iw,Starbucks,-88.246839,40.0904359
4SGa5HFu7Q4rrsAAWJa-ew,Popeyes,-88.26020395,40.13367961
U6xqyLII8WqNRbhEx3FXHQ,Attie's Bar & Grill,-88.16979536,40.08792604
2wNI-81CncuC21xr92anTA,Urbana Garden Family Restaurant,-88.2188183,40.1329664
uJHUgUJO53V5-xz9_3c8IQ,Arrowhead Lanes,-88.2634345,40.1302252
kkcHH4eIP0yhvHeb6M5i1A,Star Nails,-88.251563,40.0704268
J5Rqkd6yg9nuKi_KfCSTAA,Datta Taxi & Charter,-88.216485,40.113363
UvnrAb2q9YDlFwTbqvzk5w,Enterprise Rent-A-Car,-88.2578,40.128311
OBRf8DQVw61CDrZvwXLGlQ,Holiday Inn Hotel Champaign/Urbana,-88.221811,40.131581
aR0kTa6WEFROLY5dJ4cmrg,Green Onion,-88.2457381,40.0909079
9qnlmW_Az2itTy0fmoE-7Q,Walgreens,-88.2569756,40.131193
dYG5gBOwq4t8xxPMqFKvJA,Masterspec Home Inspection Service,-88.282616,40.089389
G_ly5CisletsxEoJImPBhw,Historic Lincoln Hotel,-88.207883,40.111028
doEpdTg3l55-IWemTlG3tg,Jimmy John's,-88.2769858,40.0974664
BsxefnHbrpDN7HB2hJrEiw,Taco Motorizado,-88.2041131,40.1186156
Kws-gPJjF4RxLxJE_2BjKQ,Kyoto,-88.22978564,40.11043786
zswdqM8Av3KxVv9o7_6ORA,Rainbow Garden,-88.2439462,40.1004504
KNwea7nNzFbWBInIqtjevg,Living Yoga Center,-88.2080393,40.1122506
CJ0sbMmixbh21d9fUoBEMg,Espresso Royale,-88.22368561,40.10685149
CxBPeMdK7oFcDdoennTe8A,Bikeworks,-88.222785,40.114218
rrUWiTpF2wwBSQoTCMoexg,The Studio,-88.205811,40.1167919
BQbDU21SuXERM_gK9AA9AQ,Einstein Bros Bagels,-88.21977,40.116138
wFBvqxzfkPgzG2EmGKcguw,Office the,-88.209562,40.112708
QLgFt4lCcv4G-FOQQcjNnQ,The Weiner Companies,-88.20527,40.1108
zQNJwaWR1M1zDjLNVJiNEw,Pizza M,-88.2093142,40.112655
asCPMMAA1wW3GJvrPA4fTA,Tang Dynasty,-88.2070866,40.1105839
RWd83o4drIOE60W1meaESA,Mirabelle Fine Pastries,-88.2084132,40.1124479
z-jVqx3Wx9fKOK6fn86Csg,Klose Knit,-88.211608,40.1121859
rXIDrS8Rz8r09vH4gjHfGQ,Manolo's Pizza & Empanadas,-88.22340637,40.10693224
g_oOjzFgqmSEAD4crxBirA,Jimmy John's,-88.2587494,40.1321258
leoEzfEj27czYZEgBJdK5w,Prairie Fruits Farm & Creamery,-88.2099078,40.1622186
4LXNVWV_Yp8HbkikmRQ2gg,Yuko Hair Salon,-88.2937455,40.1129936
38AI6oP2ObTmtiUuoN0Uvw,Road Ranger,-88.24037,40.17793
4jB9-c7gs6YPIAYcWQpaHg,County Market Discount Foods,-88.27921471,40.11968556
ZQH1s3nTDyclGrQ160NrEQ,Lil Porgy's Bar-B-Que,-88.207915,40.116214
CPjWjKn4bj3QQFQ1nUlXUg,8F Ice Cream & Crepe,-88.23173225,40.11030785
TenyEe-tWeQBhc_2C5yjRQ,Animal Outfitters,-88.2495356,40.0710257
ODIfyx5okLpREh511Qqd4g,Wines At the Pines,-88.1904406,40.0808719
LQRcuOgluaRRMyTH4i3FPw,UPS,-88.2199581,40.1419018
pQeaRpvuhoEqudo3uymHIQ,The Empanadas House,-88.2255837,40.1111797
w9h-pTp1K6JMos-xzl3Wyw,Hot Wok Express,-88.2226072,40.1166669
8LRa8aPe1xfHNEPUxGXagw,Crystal Lake Park,-88.207547,40.1172058
EybiuKEnH-AHYG34qG8gFw,Corkscrew Wine Emporium,-88.2053424,40.1138007
PzRgohlnHNN0C0Len1At0Q,QDOBA Mexican Eats,-88.22720468,40.10944448
zLTacjiwYO-_ivAWkpjcIQ,J.Y. Chang's,-88.2191444,40.1006132
GSe0S6LTB01O5z-6V6T87g,H2O Salon,-88.207789,40.113195
YrZxRSTg_dVbZd5PXz7G5Q,Dairy Queen,-88.220314,40.116138
Kfxm-fFJ3eY9DoTb6K2jXw,The William R and Clarice V Spurlock Museum,-88.2207856,40.1076189
rOPj68rUjK9tv84ShWaetg,BBQ Premium Chicken,-88.2212475,40.1065086
B2hnhxgCO-a919tfem6yIQ,Illini Union,-88.22720781,40.10976074
vt2NMSbKpVN0r0HI6Az4bw,Bevier Cafe,-88.2246853,40.1047765
J7vl6cA5uF0PkqS2ejDTkQ,Dunkin Donuts  Baskin Robbins,-88.2114239,40.116757
Pgbnj8TaADhaatrRTE0IVQ,County Market Discount Foods,-88.1930909,40.0952257
p8hbpXhf3Nx2dn_CXGvTaA,Landscape Recycling Center,-88.194055,40.115293
wr9kqfMT8BN_s8Rg-iZ_Ag,The Electrum Group,-88.2434596,40.1211828
fl2TPNWrchkCbNEg0utjvw,Steak 'n Shake,-88.198592,40.133231
pVLZQRs67CF4gZCEYCe_3Q,Hickory River Smokehouse,-88.197784,40.128807
F1qPjasn0R6-j8sa6iYNmA,Guido's Bar & Grill,-88.24330139,40.1178627
rX4xlaO_hhYz3grEj0aUlQ,Alexander Chiropractic,-88.2457386,40.0946241
pH72Y8aqqJlq3bgtj-d3UA,The Great Impasta,-88.2072116,40.1112419
HAgPykErkXpPJlwOHbY01Q,J Gumbo's,-88.2218027,40.1065109
yUB8CDsYMES3cN-xcHXCkQ,Flying Machine Coffee,-88.20925967,40.1123977
BsXjDlfP84HTP_PDpLmEiQ,Cardinal Fitness of Urbana,-88.207179,40.110634
hEjYQlKcn-ClE5rbCN6RBQ,United States Post Office,-88.2068363,40.1114134
7DSIFd_b5UQmEvwrOUxz3A,Health Alliance Medical Plans,-88.2064465,40.1102598
fK0Z3tHJZ9zB0JeWlQT3xQ,Derald's,-88.2120315,40.1059233
OOXnhsHPutkjsjUKa0nBsg,Wampler Property Management,-88.26213294,40.08301053
dNch89PUCbxvhieKmWi8LQ,Cocomero,-88.22911,40.109995
msZmbTXbimgPsrcIcl6Mvw,Home2 Suites by Hilton,-88.24617527,40.09102585
kMpCPgWXE2EYOtzMDxVHYw,Forever 21,-88.2429304,40.1423318
u8C8pRvaHXg3PgDrsUHJHQ,Papa Del's Pizza,-88.2441637,40.1032417
eNZszXSug_HjImz0yQrbdA,Christie Clinic Illinois Marathon,-88.2434596,40.1211828
lrrUyxzlvqp-niBEj6_6dg,Niro's Gyros,-88.2216747,40.1161404
89-bwvH5mWWOOb00VTUyFQ,Applebee's,-88.24905396,40.06959884
f_CDR6H4QL1K3SeaBe7r3g,Sammy's Pancake House,-88.276557,40.128394
QD61fmXTp476qfS0dpt2Lw,Strawberry Fields,-88.2114234,40.1125585
RbKaSbMnvK0tc2p2UnNMwA,Savoy 16,-88.25203734,40.07290003
vourq2EyEz5ZxxKhdJgLCQ,Roger's Barber Shop,-88.2583899,40.1295194
YklSTCQsb1chav_BqvKfUg,Rueck Insurance,-88.2533215,40.1305238
rmHPZk6jT7NlfJU457oHwg,Espresso Royale Caffe,-88.227253,40.109243
yBG4G37tWUbBEIdQOqkMzA,Fairfield Automotive,-88.196084,40.11105
tKcagQ6JNkMtayvBVHwY9w,Japan House,-88.2188933,40.0872029
5jak2hYO5ikUzjm-Ytao5A,Starbucks,-88.2046272,40.1129509
Q2bnRzJ8AC-3lWyQY8DZqA,Blues,-88.2218637,40.1068632
SPlSJX-dGs2srKNriu1mEg,Something You Salon & Spa,-88.246989,40.099626
1YqkSk2xorNWPOoieIMApQ,Great Harvest Bread Co,-88.24789421,40.08771574
f9TKxpYgM_xK4cMdFyeEJQ,Green Yoga Spa,-88.197063,40.111024
RPDvyb276n7CWFLBFWPEIg,Neutral Cycle Workshop,-88.2179419,40.113597
4i1AM_8rL1M2nd9xTpE1kg,The Morning Cup & More,-88.2089404,40.1135571
ImsH-N-I-I6yxATvNPSzUg,Allen Hall,-88.2209428,40.1041332
V8cUCiIsactM-_TdoBDn_w,Salon Xpression,-88.2474822,40.0909965
C3d4HqDjWq9e_0cPfmPykg,Moe's Southwest Grill,-88.2458717,40.0903035
tifSHPWIRy6QuL0nkaKXwg,Bohemia,-88.2087729,40.11219
jZeLcFDCfBhAxjq1Owe65A,Amtrak,-88.241201,40.1157886
iZleRh4SOtf4GquA5L8WXw,Crane Alley,-88.2080393,40.1122506
bAFgHFzpG_raPPGZgDCw4g,Hendrick House Food Truck,-88.219931,40.11098
40Uv2fqNecbqk0ruo7DIDA,TMS Auto Care,-88.273343,40.1125479
CV5yJTj8_IgjxTEq5mqG0w,Country Squire Cleaners,-88.2774213,40.112347
2pD9wZWXDNsZf_MXd8rQtg,Carle Clinic Association,-88.2147631,40.116627
MAKV_ZbhTcVA-IcdjKYhRQ,Hutchcraft Van Service,-88.218541,40.12845
PjHeR-IVF5v8QLiD876Wjw,Three King Heating and Air,-88.20656667,40.11223186
ARj6DzbLlRkHt3kQeTuuVA,Magic Nails,-88.205811,40.1167919
DY-BoVUovVyz__pV_km5oQ,Regis Salon,-88.242179,40.142673
pMiz7SP82Tknv1NbVqoSfg,Black Dog Smoke & Ale House,-88.2406815,40.117421
WciBcCPIcpI_yph7iteysQ,Supercuts,-88.276931,40.097343
wRJQdkMCbvIj269WjXtuyQ,White Horse Inn,-88.2308592,40.1093708
X00bLb5dQcuaBvX9uMt08g,Beattie Ellen M,-88.2406105,40.1168536
kntCn2UTklRO9EvexJ4QAw,LaVida Massage of Champaign,-88.278677,40.120064
xJyzXnVaF21q4CHa0gVhvA,Ron's Truck & Auto Repair,-88.199065,40.129102
Y0_KRVDTasHCTh_P-WRSqg,Burger King,-88.2814842,40.1125075
-dV63OdNI9wE87aDDUre2A,Salvation Army Thrift Store,-88.2380385,40.1413357
QTT_kax-2H0Am7_6fSgxwQ,The Village at Colbert Park,-88.2491492,40.0540499
X_oVdjabSjFpANpEPf7yLg,Briella's Boutique,-88.252492,40.048327
42sGOp3T7mR8joyzLt4g2A,The Senators Inn & Pub,-88.2507943,40.064354
ejdBoVvEdn5fdycuJRen8Q,First Wok,-88.1920978,40.0962948
Cqqd6l6jSx7pOnsgtLp_dQ,Schnucks Markets,-88.2518739,40.0702259
5dCJy5oH6ZHqB_7cx76DhA,Pizza Hut,-88.2772836,40.1201855
zeKmH-EPyxEugnuJsjpYlg,Lenscrafters,-88.2412504,40.1166102
RnGG5bAz4nTPo_Ui99Kzbg,Le Peep Restaurant,-88.24801898,40.08721237
FPDweEfY7HAwvosRrlUvSA,Lanz Heating & Cooling,-88.291129,40.118953
Co2_TbXcGU41x0bh47ddwg,Christine Rich Studio,-88.2548204,40.0717823
_9lnbDRvashBE9ey5gAJfg,Aspen Dental,-88.257187,40.138391
nSThFcHyyjIXnlX98xBkIg,Innu Hair Salon,-88.247117,40.119483
rNbAIbTn0zN8yNk0IV7dfQ,The Cake Artist's Studio,-88.263165,40.135026
zrP-02glmF1Bqo9IxDhWkQ,Dick Van Dyke Appliance World,-88.2428373,40.1317702
P5xmAll95cWKs0EzwYdEYA,Dixon Graphics,-88.2442009,40.1084268
ZpPd9a-Tv_NGXh8P1ivjzA,Starr Limousine,-88.2809424,40.1247477
PiD4hteskHnFC4GowN34cw,Espresso Royale,-88.2448316,40.0994856
TyfAhoggE2Z4S-_YgRx1pg,Bensky Family Acupuncture,-88.269783,40.111104
9MnbQg7kfb_WgxoV0hXKSQ,Black Dog Smoke & Ale House,-88.20768925,40.11381822
ettDpuIjPxsUXpQg93JA1w,VCA Heritage Animal Hospital,-88.247657,40.082012
kokytV29X4717mjIC3H7Xg,Papa John's Pizza,-88.2837494,40.1131801
7WproNY9yxW6p2R3gn6Euw,C-U Taxi,-88.2412504,40.1166102
hOMZUELdcxgcm8RqeXoZFA,Bellhops,-88.2412504,40.1166102
gGpKlBPKBdOyAlx6P_M7qA,Urban Outfitters,-88.2311039,40.1099261
zs4G7HIQvUVaZoWqwpVeEw,Chase Bank,-88.245719,40.116051
3G_bblT7MQIlXx8BBorILQ,Hammerhead Coffee,-88.229487,40.116659
yDfOSuljYJdX9zftLbTbxw,Andy's Barber Shop,-88.24557424,40.09063174
BiBAQWfc67AFrXC92SrifA,Illini Union Ballroom Dining,-88.2272864,40.110446
EDxTsYajwYI2gsL_lT6-6A,ROOF DOCTORS,-88.195627,40.106649
m8qGdllgcUSqZmcryQWM9A,McDonald's,-88.2403766,40.1778113
DO9Wp7zXwc2ZNEb8cXaqbg,Station 6 Pizza,-88.264031,40.083276
hH2N-9cGQBv8heu7uiqekQ,Memphis On Main,-88.2407562,40.1177192
p0LusgO7QmgxJF0XenzJfA,Dairy Queen,-88.2510831,40.0736296
x6wgf9qmusAcd7npyTgDWw,Furniture Row,-88.2587323,40.1483931
Cw0JNNdPja9CVyT6ugGMdw,Saigon To Bangkok,-88.251563,40.0704268
oWQwUw8xfQgi1nVNKgS6vA,Silvercreek,-88.2086039,40.115461
QDA9xZaX4n0H7dbkTRyCYw,Subway,-88.241201,40.1157886
QHbrfA9nSNLFcevsfQk6dQ,Wienerschnitzel,-88.300547,40.111393
RyukxHwGYLzoFC49vFiO6w,National Car Rental,-88.261001,40.039245
AUVYeEWO064gtDx5mbi_Ng,Babyland,-88.25162888,40.07078113
QMr__UBSxcpssmqWmfbZDQ,Rush Tan,-88.2772066,40.1114955
7Vaj54SeGM3RupuvNlccOw,Heel To Toe,-88.2077222,40.1127464
TEXUVhF-G_v2Sxwqti8HQA,Old Chicago,-88.243786,40.139794
D5tiB1t8VRQOvvI-zgkq3Q,Kennedy's at Stone Creek,-88.170282,40.087852
GEpIV65f4afQHlL-yxC3wA,Black Rock Pizza,-88.207179,40.110634
HioICjb21MQDLLmMENZRdA,Reliable Mechanical,-88.250634,40.068693
l4x5FFzfiCFrGN0S-uZbBQ,Nando Milano Trattoria,-88.243507,40.1175503
2KyPvxkqIdJsLUjAsZBBhw,Homewood Suites By Hilton Champaign-Urbana,-88.2458641,40.0995771
ECKXHrl2GqNKRMG9jp4trg,Good Fella Korean Bistro,-88.2438923,40.1051831
9lnuKe2KsTsg-tb8Kuxyvw,The Lincoln Lodge Urbana,-88.2489329,40.1159899
qFwc6pD29qnTgd9tZDRYig,Panera Bread,-88.22942957,40.11047017
yE4k_CM9L0yPVVozyELfSQ,Noodles & Company,-88.2306324,40.1105017
24UHe1SZ4cgm6u6bU_L6xA,Sushi Rock,-88.229494,40.1100643
5JBFKm50_7d5BNlsjBmdMA,Enterprise Rent-A-Car,-88.245199,40.094314
HjCdJCPnxNtVY6wKbaB0PA,Champaign County Clerk,-88.1864635,40.1067738
o-VUHxSQHwb5Uo0n4M1rKg,"Faught Mark A, DDS",-88.2412504,40.1166102
zk-TCyb42tf6neJk5X1AuQ,Robin's Nest,-88.2517885,40.1413713
h21I071qoAZgFy0eBqNhbg,Live Action Games,-88.242185,40.116024
fqr3dm6pSQ2P9EaO2Zb9Iw,Mitchem Dental,-88.2581098,40.0966221
-S1BkxguVmi2G_O6Bcoabg,Steak 'n Shake,-88.245852,40.0949565
kLojwXxsSWHtL_AxeBie1A,Starbucks,-88.2317182,40.1100452
yC-i4cPTsb9zI-BKaDXnWg,Spritz Jewelers,-88.2437887,40.1176213
26zwwlKhzdjjaev4YrNHrg,Yong's Alterations,-88.2445511,40.098227
bBTJEjq5tmxNZq_9mDoPMQ,Putt Zone Fun Center,-88.25686,40.127922
J6TGHzwKKq5bqBR4_WsnUA,Yellow Checker Cab,-88.2548403,40.1276925
POvBLTDRjiHOSNk4HYzq1A,Denver Mattress,-88.2590139,40.148451
XOAk4yIrqsvzIm-i6t73ng,Mariya Vandivort & The AroundCU - Keller Williams,-88.2433829,40.1164204
3P1dBNauEwkToURbq_I0Dw,Old Orchard Lanes,-88.2507519,40.0652239
w0z9RLe5O8KM0XDsROdHXA,Wilbur's Taxi,-88.2072697,40.1105875
op4wtRppSH70haNwlTIfhg,Skateland,-88.2528457,40.0695402
aVOxJm-9FAeWcvB2oBxJdQ,Plant Mode,-88.242955,40.116164
x-LVdWsyVbScjRffvUKBtw,National Mini Warehouses,-88.226974,40.136534
DGc8FRUQTyeASkbwQkGVjw,Prairieview Landscaping,-88.2433829,40.1164204
aELkI0mfF1EbQo_m44vEKg,O'Charley's Restaurant & Bar,-88.2559911,40.1432173
yC0gu616LmiEUPJEQh2ZkQ,AutoZone,-88.2340733,40.1160427
ViJjcvNH_Up1mXZ5NieApg,County Market,-88.2339571,40.1130698
JEtSnAOhY1jQqj1SmISJhQ,Volo Broadband,-88.2412504,40.1166102
VVkO08qlcTCkCq6t5gLcpw,Hopscotch,-88.258123,40.096148
ZWzCPXj-xi7Z4Lnq2s7Pow,Fifth Dimension Collision Repair,-88.275848,40.146407
WRmwjgUodnD6BIwxDtk3aQ,Tatman's Collision Repair,-88.280964,40.126947
4OABFHxKDYxJh9A2BhoRkg,Serendipity,-88.2272456,40.109387
kKCwp86xU9XKRnAALQDhrw,The Red Herring Vegetarian Restaurant,-88.225188,40.106704
9BxyFs3bVmpH63JMs8P_HQ,Toro Loco,-88.199861,40.128228
-PBIdZVMvKaOs6Kbn1kFkQ,Walmart Supercenter,-88.159347,40.1117357
YJMU2zD1orchUCgCBKDiTQ,Pretty Nails Spa,-88.2030657,40.1134471
d_Wm9CpzIo_0T-XLfq1UcA,The Hub,-88.23908657,40.11094833
wvSGMSvw1b9B02kLQdaw8Q,Starcrest Cleaners,-88.2230366,40.0835377
W9DuuL63NQ6gT9vlPoZpBw,Ruth's Salon,-88.268807,40.118607
kBgpdaS9joBXioj89zo1QA,El Toro,-88.200627,40.123643
d-l0D4N236Qc0-Iy-p1cFw,Cracker Barrel Old Country Store,-88.1994841,40.133434
3o8lABHRO9ipnIUW4mUGqw,4U Nails & Spa,-88.276926,40.1161835
OqcO3MOvAxyNzf-PnmiZzg,217 & Smith's Towing,-88.2485481,40.1490976
Z45CFc9i5vnhNjQhrpdfog,Gailey Eye Clinic,-88.2963881,40.0828732
vVfkmCB3hCRawODf8fAc6g,Mens Wearhouse,-88.25622677,40.14471274
_ZRBWnsYHLBqs10N2i9Fnw,Sport Clips Haircuts of Champaign - Old Farm Shops,-88.2750893,40.097317
PUuB4HzEd7CTrcusPpz-NA,Secretary of State,-88.2863586,40.1272997
NSzhahVpI_B32snhJHM0HA,Texas Roadhouse,-88.2810949,40.117932
5SiEdiiTOSXgJlSE-UgqFw,Riggs Beer Company,-88.1635162,40.0927251
2pbOSrbB5AtQIa240AXNvQ,Panera Bread,-88.243173,40.138507
NLIU2uxkEgFxzUf5sBs_aw,Urbana Boulders,-88.19945019,40.12591492
FHgnj0vgb-DtCSQmL9OJSA,Urbana True Tires,-88.203446,40.11820934
vCopginiBsz1STNhQPb8XA,The Dancing Dog Eatery & Juicery,-88.2085029,40.112757
obeDcVrK5xACPD5PiGgG_Q,Insty-Prints Business Printing Services,-88.2774793,40.1260746
u68_uFbvsqrwZVeHo-a71g,Bacca Cigar,-88.2738906,40.0982245
5LDMtGEynZx2HG5vvG3Otw,Champaign Studio One Photography,-88.301006,40.082275
hPc-mAHv4jfKeXqOxYJuAw,Papa Murphy's,-88.2750689,40.0982332
-ViwF2TdQ7B2N8jy_ykC5Q,Silver Bullet Bar,-88.1925039,40.1054115
aCvSQs0wAIwYzdy21-De3w,BreezzWay,-88.2507943,40.064354
_RfD4fF8eSikcwMhPE2hFg,Priceless Books,-88.2078354,40.1127674
HpYmkJUqmW2Hm16Xx12Y0w,Napleton's Auto Park Urbana,-88.1961686,40.1385803
DGVCSBZnRLIJVQOrP-_6Aw,Pacific Tailoring & Alterations,-88.2026577,40.1216209
dYfB6KjDrtmN9wbtWg5qEQ,Belicious Bakery,-88.2659989,40.117637
IWFiKOfltNWN2hsKqIZK0w,The Neighbors At The Ice House,-88.258227,40.122513
4PEx9cBoi3ALOHnrz9liLw,Classic Home Consignment,-88.27917188,40.11184379
wlaLghphDVOly6DT9Fulqg,Beads N Botanicals,-88.2076204,40.1131833
RQxLNvAra_MUUPHdhukilA,Houlihan's,-88.2373608,40.0937168
y3YzOSj9NLhTc0Md0nZ1jg,Ho Dang D MD,-88.277522,40.0827763
9HP13JaP9nmN3qX5v0jamw,Ruby Tuesday,-88.2583963,40.1437944
uma0HNsysznSfPbQb2HD5g,Saigon Vietnamese Cuisine,-88.2515456,40.0704268
FOSsY1OO0hTxro91Z0GOHQ,1 Man 2 Hands,-88.224435,40.122974
Piw4Xr1wNyL4lgmwLZ2eTg,Jet's Pizza,-88.278054,40.112342
yRKrMWQxQaMeR18s5ajcYw,Arby's,-88.2794573,40.1124149
VCEIHJ_z4cyKiDHMxnxd9w,Long's Garage Complete Auto Service,-88.2022252,40.1124194
XdFzgnx_K-5itD5CV9cW8A,Illini Nissan,-88.2538,40.136567
hvPPw19VdGRsOEkxgyD7tg,Thara Thai,-88.2602612,40.1335532
TcoFpLESv1alU9cdRscxJw,Sofa Mart,-88.2590139,40.148451
KGpsB2dsdkxl8SGVUlJbZw,Outback Steakhouse,-88.257184,40.144995
JmYYGu_FIdYVvNXRsucAvQ,Modern Nails Salon,-88.2746608,40.0977614
mTP3pik3aP69F6EoEHme3w,Gramercy Park Apartments,-88.2839564,40.1147214
XlA9tqM8xwsoCWYMh-Rr_w,Illini Recycling,-88.2316742,40.1431611
xTgrFckpZ4ZzLLWWGWBthg,BodiBronze Sunless Spa,-88.2948536,40.0842717
vdBpx5l5djH7yJ0SpOy27w,Champaign Ford City,-88.254936,40.137132
rMudAMuRcmg3ZO1QeNoNCA,Carle Medical Supply,-88.1996768,40.1248447
8iC2IL7PoLT3VQqNIpIyLA,Bender's Mattress Factory & Sleep Shoppe,-88.2000571,40.1246223
yFftpvJrkz4E38wUtps7Yw,Confidentially Yours,-88.277709,40.1115366
z2s_fuJZzaSNgL3XW8fclQ,Soma Ultralounge,-88.242863,40.118679
1aAcAVEYFJZO5cr2PbDB9w,Illini Mattress Company,-88.282635,40.111352
KZG8txc-vzkfDt-4ZYeREA,Uncle Martin's Sports Bar,-88.200627,40.123643
x4eptNxzj43ihrk0nZB_OA,Montana Mike's,-88.199861,40.128228
FUTAQs8NEgpiQUXISaXfLg,Burger King,-88.24896812,40.07064976
LzK_0z9OoG1NBaTq16MrUA,Little Caesars Pizza,-88.1913764,40.0944108
6v27Fok1kKSZmp1Mjz8V3w,O'reilly Auto Parts,-88.2775705,40.1263463
9_rqpGe9y3vaJMCwjPre8Q,Jamba Juice,-88.227321,40.11013
tTyFInKm8AY0cY5ujtXZHA,Peoria Charter Coach Company,-88.2257743,40.1332689
KO0NilkRrWf7YKX-_87LTw,Blockbuster Video,-88.278054,40.112342
c2uAqJ2REpLMCZO2jxdi9w,Five Guys Burgers and Fries,-88.258461,40.13766479
36hpvKWCT8_1kM8GrHIzMQ,Diva Nails,-88.2963446,40.0817404
_JerBc7MgOit4xrZvuYIvA,BMW of Champaign,-88.249264,40.074725
vyCTd76g2aGqWvY1229ofw,CVS,-88.2442923,40.1095557
bYCYezhqkhMOTjXHEzDZAw,Cafe Zojo,-88.188965,40.082489
ltqvLrYq9QjeQjQ1NlqLcA,Ming Garden,-88.27729284,40.10257341
QxbVPV2xndVP-nT1IRKF1w,El Torero,-88.2857576,40.1131042
SRqt_Lv-RGNbuxPfy_yL4w,Central Illinois Bank,-88.2947678,40.0979708
mPcUIU2stkc8zgCS1tk-Pw,N Tailoring & Alteration,-88.2770707,40.1032929
S7TY9oCMqK-TffWrygetcw,Panera Bread,-88.275366,40.097838
Y2eNTpotBGboB2Q4ocG-JQ,Parkland College Institute of Aviation,-88.270362,40.040319
dn0ZzSIqGMMHJqUX2By7Zw,Smoothie King,-88.27923278,40.11212237
oga-FLR4aSHlWRoQmnIc0w,Starcrest Cleaners,-88.2811522,40.1150795
ka_oewRLyrXeX3NXakQwvA,Walmart,-88.2562,40.0489585
9aPDGnQ7HbB-icImzHjGlQ,Express Car Care,-88.204498,40.114494
YRaz-XCqW0gxrvvu8h87bw,Rural King,-88.2584403,40.1379898
dxto9kHXtmuYIvm5aUxF9Q,Car-X Tire & Auto,-88.2587356,40.1275318
A_6ahQ64oW8c8X-FHohTqA,Champaign Appliance Center,-88.259549,40.13257
VZtXF2A-MNt5J6d6ih7tkA,Aldi Grocery,-88.1641922,40.11390686
ladygnq1uvjC60Wuw3ocWQ,Walmart,-88.159347,40.1117357
ibNJlVohvO-wquv50Umf3w,A & E Animal Hospital,-88.166931,40.0835549
FUr2uEolARu7rv2TQYKPqg,Za's Italian Cafe,-88.2819785,40.113247
WuYh4S2Pjuk37o_ih5Qhhw,Greg's Truck & Auto Repair,-88.2765605,40.1452332
HLTy85yV2H8Wj3LlC_kQxw,Meat Science Laboratory,-88.2228545,40.0996943
mUqqDqpCEC-79TLwZQA6yQ,Champaign County Humane Society,-88.1822926,40.1111116
jUddhNjGAE6W7MQKaUEZ4Q,Ryan's,-88.2619969,40.136306
bkuNNU8TkCOnDfYpwmpMgg,Americas Best Value Inn,-88.2619573,40.1329639
pyWDYqN7_jDtySNDZlaahg,Reed M J Jewelers,-88.2752769,40.0972368
TQg3tu8U3x8OaC2R4KKh7g,Mango Mango Creamery,-88.24463333,40.14111298
CHP5izepTOaDObwZJJgeBQ,Baytowne Nails,-88.2604504,40.1403762
W9Gt3UGP4p1iERzohANcJw,CVS Pharmacy,-88.24974,40.068829
MHgcgssjaDa8OJQk0i_iHQ,American Freight,-88.2780517,40.1196601
5TPyzmhr3TKyWkPfzm01wA,Fazoli's,-88.258482,40.139841
OYpRlyukZZh9zH2mxxv4rg,Big Lots - Champaign,-88.2805889,40.1138885
6x8cwjrfnE5_AVt7j-mF8w,Curtis Road Animal Hospital,-88.254033,40.069286
Lou0gX3Q_PAWV6n6vsrt1w,Montessori School of Champaign-Urbana,-88.254023,40.072367
kZB-BzSGXns0yrQt_QkzYA,McVicker Martial Arts,-88.2786935,40.1119442
8JadBN3TgJ0vP7iqhe2iug,Gene's Barber Shop,-88.27951574,40.11496935
K8nN63lyBJVx5ZnLcCs7Fg,This Is It Furniture,-88.27888205,40.11369367
yiFcujhdkeDhmXRufMG-lw,Masijta Grill,-88.2088348,40.1137608
tLgKerW16F9V239MjNA2PA,Blain's Farm & Fleet,-88.1937109,40.140714
nyI3q0CseFbPbTobHuzgkw,Pia's Sports Bar & Grill,-88.2737458,40.1124829
NwuFi_xrzWzfT7CEXfse7Q,Extended Stay America - Champaign - Urbana,-88.2535428,40.1380346
gqNWdGdRpHy1vbrEtQyJEw,Ulta Beauty,-88.2601179,40.1403711
0XXLP24RXJxQ_yemvKcPiA,Harold Huang Photography,-88.2433829,40.1164204
0niOkgffJjgTA0S9fX_cgg,Champaign Dental Care,-88.2385227,40.1386362
fB_6MXGWPrhAOuozcDoPtg,Cloud 9 Auto Detail,-88.28156116,40.12219048
T7TuM9fYi_QIYC3ipg7CzQ,Braun-Meyer Apartments,-88.2789513,40.0818862
1bgcPZXnzAZvrc6HcBfc7A,Average Joe Auto Repair,-88.271074,40.1128
iLPBZ_ic0LyiviqfXbkjwg,Hubers,-88.2684951,40.1185465
-1TUzO4XCmOeqi9eAGeDWA,Beaumont Tire & Auto Repair,-88.2660528,40.1360353
-AYIgCzZPVr7OMcfELjcAg,King's Barber Shop,-88.212909,40.1119575
pooZTAru3lMkCGQLBzNu3w,Charter Fitness,-88.2070866,40.1105839
D5quwbQTguD4hqMAEARnBg,University of Illinois Veterinary Teaching Hospital,-88.2120315,40.1059233
2LriRy_a7CyEn7gf8uQaEw,Gracie Barra Champaign,-88.208634,40.115873
Zc3hqSZHkuELzpyRmv6nrQ,Iron Post,-88.20884227,40.11172453
sMI-u3Ss9zxY7NyOsXYTdQ,Haussermann Alan W DDS,-88.260233,40.0978769
yiWYJnHngOJWuP_CFP6Itw,Jimmy John's,-88.2772595,40.1124021
JENZ-Yjl6D5ZPqV5fPSO3g,Caribbean Grill Food Truck,-88.2753144,40.1017582
-Vse9oEceHIyCzVK7fSdbA,Carle Foundation Hospital,-88.2147631,40.116627
ly0oNXKOoSZyr0mzOsVJhg,Monical's Pizza,-88.277573,40.118026
z1oAb6PNln0MN2FjOykPmg,All Things Kids,-88.27585,40.147407
rnQLIVk3U7HI7kHRMxC16A,Krispy Krunchy Chicken,-88.260263,40.127586
8k2l-fbaeQU9lVG4oRgxUw,Prairie Fire Restaurant,-88.245695,40.097136
rqmCvYLvEfcOJAZ9bNgh6Q,Sparkle PRO Window Cleaning,-88.283834,40.085733
ZuhU5-w3S_L7MPaeEOQhJA,All About Eyes,-88.2518016,40.1422379
p77QTTPWNmi6_wAJ5Dh_lQ,Gordmans,-88.23985083,40.1399237
1fBxvfNd9JZbR5R1YLHmoQ,FedEx Office Print & Ship Center,-88.277172,40.111405
SgG5E7PUrCIsEMP0BVSlTg,Cheese and Crackers,-88.27398,40.0982258
bp0QU1Z0NXhBzuOhjBt--w,First Column Student Living,-88.2314528,40.1105623
zAD08AT1GgX-cVNy9iMq4A,Activities and Recreation Center - ARC,-88.236018,40.1013126
CKqHfvcqx73-Uz0xGMHL6Q,Wingin Out,-88.2351409,40.1099627
0ik4cVcAjkq6cIXerk9SzA,Planet Fitness - Champaign,-88.276606,40.1199299
Y7xSSuq3zizdBh0vq3hNlA,Maid to Perfection of Champaign County,-88.289847,40.117651
WIMwOFGAuHugggcHh4wxjQ,The UPS Store,-88.26355934,40.09829629
EsYPn6FsVa7weMdgHwFfEA,Thornton's Oil Company,-88.27703094,40.11633301
-hliqBp7tq7Z5XLaTLAXAg,Taffies Restaurant,-88.27720396,40.11454674
TjKE1Ji-XAdYDlxYMKvZAw,Krispy Krunchy Chicken,-88.2580834,40.1271868
f69saK74879-zdmuQIVegw,Verizon,-88.25936303,40.14321025
dvMHcBgCdy72ikzEPTr7ag,Market at the Square,-88.2070866,40.1105839
tjM2CZqRJ17oFapBTmGovw,Panchero's Mexican Grill,-88.207131,40.116832
oJJz8E82bvu202ZfrhKg7A,Sipyard,-88.20919209,40.11257361
OayEFsHTrtc_px-W9n3rWg,Gillespie Management,-88.216988,40.110366
sjVVGhnLJrcEq0ErUL168w,Domino's Pizza,-88.2004115,40.1242205
TOd2b75ZS2Czf9ywzHr_iQ,Allure Salon,-88.293677,40.113269
PgMt7JtwUB-QUoRZAbwUng,Chili's,-88.258619,40.139042
DIfAmB-j9r4F-jB6xNrWAg,Schoonover Sewer Service,-88.2433829,40.1164204
qaS11gk1kIlrzCX1LYiZsw,Super Niro Gyro,-88.25192666,40.14321025
i_t8WTwztuHweRqQ89hmuQ,Panda Express,-88.2585453,40.1459499
U8VXQaeog9wb_Y6hCkfitg,Super Taco,-88.25220169,40.14167061
D2f7q_jP-qDs777xlzfglg,Regal Nails,-88.2547926,40.1469535
vVdY2qDO7dkUrU8LXYZ1uA,Green Jade,-88.2228985,40.0835383
BKNPoWf3bQoxFWf-Kjt3wQ,KFC,-88.2838,40.1127
O3zVw-VAcJi8ta4B6v5iAA,Sun Singer Wine and Spirits,-88.264391,40.0831838
7C1g2lil87sbKI3TDCMzxA,The Blind Man,-88.2772066,40.1114955
ZxQlHVm0pj0ERqpwhEHc6w,San Maru,-88.2963452,40.0818615
wxxn-2vEWky9ROitqfYFzw,Village Inn Pizza,-88.1635162,40.0927251
c1KRfKtA3AUbf7r9utctVg,The UPS Store,-88.26065063,40.13795853
J5U-nbhKSnnX7DJGT6QELg,The Apple Dumplin',-88.16253328,40.13367035
5yopWhOUCevREvf9TDzL7Q,Pro-Tech Motors,-88.1975496,40.1317864
s173l3ubdDLHeFIBO3ydrw,La Bamba,-88.2782876,40.1188738
Yp1A7upIdi-Sd_abHBbP_A,Cat Clinic of Central Illinois,-88.2938676,40.112995
WItyyrbIhqfOGT0URG7tUw,Neves Group Property Management,-88.2552858,40.1270182
m6nLTIrEJHtHSYJjVavnzw,Kohinoor Indian Restaurant and Lounge,-88.24279986,40.12125533
2_70xR8dAmNKj9zP1cAhWQ,Boomerang's Bar & Grill,-88.1925483,40.1050134
7zTivhugiT3IwvusTe2WRw,Yoga Institute of Champaign-Urbana,-88.212589,40.112111
Lwb6bG1Qu3BbW7FJj5suLw,Champaign-Urbana Adventures in Time & Space,-88.2082725,40.1121494
Kcn8Deq5_WFJLft584RiIA,Goodwill,-88.2601229,40.13689206
9oyiJJ1OVp-4ylgz7Zq0ZQ,Concord Custom Cleaners,-88.2055674,40.10896
uMuTnzVi9DzDXfG7gVDU3A,Cocina Real Mexican Restaurant,-88.223116,40.1166989
Ah4i15g8Ow_zphzcpulTxQ,The Bread Company,-88.2236278,40.1066554
8TnEzVYiQrBH7FDKya3RZQ,Timothy John Salon and Spa,-88.212056,40.110929
antAO0QcETbQZbu0sN2fRQ,Jet Cab,-88.2120315,40.1059233
Ryc_Si5v93fY8SquPe6E7A,Team Gauze,-88.273216,40.094233
mlm2_qc912RAssglxB8h7Q,Bankier Apartments,-88.2329057,40.1104486
IYASJOu_TXz8PpPbt-Clbg,Sushi San,-88.227253,40.109243
D1vTUM0rBlcU39A9emQW8Q,Bab Plus Korean Restaurant,-88.2212475,40.1065086
YBNS9AHuSSMSVPGlsgvqbA,Will Am-Fm Radio,-88.2235533,40.11481
GKQWjnloUthLFGsSsrpZUw,Reynolds Towing Service,-88.229673,40.1339532
NZ3A0xYdnmIG68mZeZV6AA,Bunny's Tavern,-88.208287,40.1132
cDpUshHyJHDEc19TSTulJw,Urbana Acupuncture,-88.20643902,40.11080249
PrERKjuxhiYVJGR6lfWKYg,AT&T,-88.2517543,40.070881
QdganL5AW9E_fNoRVroLig,Golden Wok,-88.2328394,40.1160086
uUXQxz_JTsl1z9Vr3Ot_Lw,Drummond Carpet & Upholstery Care,-88.2412504,40.1166102
wpDJUu8Ty_eyQJENUy7fIw,Smoky's House BBQ,-88.2517382,40.07132357
kCIvm-8hNfD-qrCxiWLsSQ,The Smoke Shack,-88.2360945,40.1104174
4LZPqYJWbfwscbl6uJntDA,Annapurna Stores,-88.24496774,40.11121883
x6fvLWdx-Kb8_oMeqaHhRQ,Chatime Champaign,-88.2314528,40.1105623
yDMsKLjzikaaMomQm_FCQA,Champaign Chiropractic Clinic,-88.277128,40.1030368
N0sCW5e2VB-HLPkSMGYVfA,FedEx Office Print & Ship Center,-88.2289009,40.1111078
z-Q3uNXOjr7iYpl9kexFzQ,Harvest Market,-88.2458691,40.0903203
UTrqsP-oQrwoIOmBv_Jtzg,Merry Ann's Diner,-88.2218579,40.1068411
odFzgrbzkCuWLTPWbYHdkw,English Hedgerow,-88.2190133,40.1160324
a9KUNRphQVLeCsC3RAEQPA,Ippatsu Salon,-88.239229,40.1155274
mqW1uq15v8iABsh9BzDZjA,Baker's Bikes,-88.1982075,40.1042791
TWcilg9o0HMAnXvMNwfXRg,Amara Yoga & Arts,-88.2070866,40.1105839
WNn8UfSVYrfksEJSjTciZw,BoRics Hair Care,-88.203216,40.113562
w2xwgqHM7dJlHfyu4ouhBg,Azzip Pizza,-88.2314617,40.1099251
dn9lwYUxmhs_mLKPu7L25Q,Big Grove Tavern,-88.2429963,40.1183809
hH4W8Iz5oktRi8dpqzKbZg,City of Champaign,-88.2430549,40.1164847
tabR3S7WgQ-ORDq-sx28OA,Campus Mobile Solutions,-88.22984023,40.11039925
g47OIJSJQI2pf_FBdV-uQg,Andy's Enterprise & Auto Beauty,-88.240345,40.120833
K2lscpx0S9wpqNz0s9AIwQ,Giordano's,-88.2429304,40.1423318
ZR10UCyACbB7l7UOM0iuQg,Lee's Hair Salon,-88.23044378,40.10921498
Gzs4Gjd2MI72mmmWKwfXlw,Brainstorm Escapes,-88.23998337,40.1161286
Xi15Buj936IsyQN8X-9zEw,Furniture Warehouse,-88.2376262,40.1166209
a39B-BfbCipNkNH7vwCfug,Mid-Summer Lounge,-88.2298014,40.1102797
tcf_IMRTRIGthlGVtdJLzg,Joes Automotive Repair,-88.2419475,40.1137436
OrX0D6xwxmymxfzWRatT7Q,Culver's,-88.2596769,40.1377918
JbWQtVLQDEOBlvbVWk2OFg,Chipotle Mexican Grill,-88.2599453,40.1361978
BhfQ8Rh4L-ca_so-3QjWoA,Animal Emergency Clinic of Champaign County,-88.2470481,40.0946325
#NAME?,A&B Scissor Hands,-88.281043,40.107879
o80p16nM5CWbl22JP1nB-w,Common Ground Food Co-Op,-88.2070866,40.1105839
zCNMoBV429t3m1KudMuHGA,Jennifer Allen Therapies,-88.2753144,40.1017582
NR8k-wkG1rObtnPIJTKMvw,Espresso Royale,-88.2317371,40.101862
d9_VFWoells38JCx1QMGlw,Midas,-88.2501974,40.1408029
sx3tm6DjXNWUSITyKeDHRw,La-Z-Boy Furniture Galleries,-88.2513016,40.1350411
xE4WM5ZvtBkFnojFUTQfqg,Wienerschnitzel,-88.28312411,40.11321731
qWFucAXUHEZc7RzcLtcnag,Familia Dental,-88.2784263,40.112851
xeN57OX3lJfY96nfEx63fg,Garcia's Pizza In A Pan,-88.277525,40.119051
ZfQY1dNPN8IYmwEjZuVtVg,Champaign-Urbana Mass Transit District,-88.195252,40.115404
zrtRx2bm55zVeYIpzLLm3w,Niro's Gyros,-88.2804392,40.1125258
UITomlnpbixMcYNXsVV9Rg,Schnucks Champaign Florists & Gifts,-88.2769372,40.1165303
nplkC6vnh4qT9xH-vhup6w,The New Sweet Indulgence,-88.2628681,40.0831578
eWg_XPt--3IWyMCZ_1dFlw,Drury Inn & Suites Champaign,-88.2586373,40.1366661
d7ZAFNiqhZD9yo0lX-AeKw,Triple T Carwash & Lube,-88.2795137,40.1267414
npeqDhA_o-dvwoWE7pF5Xg,Pro Nails,-88.1906486,40.0930313
4cPM1Hcj3UiN3fxyOsiR9w,Li'l Porgy's Bbq,-88.280002,40.112421
beBdNA6cEuDLvrhTi_EjKQ,McDonald's,-88.2774205,40.1205722
4ZAy5ZCTWbduzzhtR0egHQ,Wingstop,-88.2030657,40.1134471
DysXlYb_WVlksoip8atIvQ,McDonald's,-88.2580788,40.1322335
UibFRHKuVXlLdr5R-fvF9A,Checkered Moon,-88.2740471,40.0982269
gTFdg40gLp9Jxq5mRhYyFA,Sholem Aquatic Center,-88.2827842,40.1021014
IUYpB051tcxMwZzcmZsnkQ,Pavlov Media,-88.2184091,40.1034307
rVF2CysgSp8BxdYYF0lEGA,City Girl Yogurt,-88.205811,40.1167919
fNfui5uodrkWgUb06M4QTw,Buttitta John the Tailor,-88.269419,40.091098
fQ0_cLrHXLkHQ9WfbnO8xg,Pet Supplies Plus,-88.293249,40.098555
qIDNz-IzZCLat0Mwpqch7w,Peter B's Automotive,-88.189929,40.1172899
EsDG5Yit6y5OvK4ocBfmyw,El Progreso,-88.2040613,40.1180537
3C_S1j70o3nYJUTvnVo7dQ,Arby's,-88.20475,40.117801
SrhiDE3sOswF096hB1YeyA,Good Friends Animal Hospital,-88.19726,40.11297
YXwYUDFAQD1sNm2c_5rT7g,I Hotel and Conference Center,-88.2376606,40.0935532
SmBS4-Jzzw9GGl_U4PVprg,Dyno-Tune,-88.2046548,40.1119516
XbHxWOciYlBhJOjKRQbo9g,Meijer,-88.2606888,40.1451204
nJktGdlCdrH66UtlADlWJg,Amano's Pizza,-88.1906702,40.0930433
1HlqxfcQQgYLYoMhuxSeXA,Casey's Carry Out Pizza,-88.1813252,40.114686
xo_53Ec0MacJEC5ux7dWhQ,Bagelmen's Inc,-88.203507,40.110569
HalEce0O40wZqPOG6ML4hQ,Feldkamps Towing,-88.193,40.120624
TrWaX_umZow1l9qXzBby5w,Car Care Collision Centers,-88.280964,40.126947
kRE70uST2CmGZDfL3WfGhw,Kim's Alterations,-88.276013,40.127792
xerBarrLxpO4T0eoADrcIg,Quality Inn & Suites,-88.248393,40.13674
cLrsYJSVjDQbaVikQSpnbQ,Green Street Cafe,-88.2410371,40.1099022
acQ9qQXsPypkGZMgFGSolw,Gamestop Prospect Commons,-88.2585027,40.1458343
T58EFOGQQiIDueXROPf0qg,Illini Oil Change,-88.2046905,40.1122132
Dkhg2ClBOP0efXaoL8yNNg,Robert's,-88.2421645,40.1165617
mofOjB6flg-eAWOFbOkHfQ,ChinaTown Buffet,-88.2560119,40.1373032
7uVAFzODEJ8WHWou_DASpw,Angel Paws Pet Grooming & Pet Sitting,-88.2740943,40.1176225
vRAM7lfJDY6pLZlxd4ge1Q,Walmart Supercenter,-88.2547926,40.1469535
swdilw4Vbk-196sTVdMo-A,Walgreens,-88.2958528,40.083273
-i3dOjumvOw-52aGXU1xDg,Starbucks,-88.2572428,40.1481613
GY7N2o1SGIUgSz1WCIo-HQ,88 West Apartments,-88.252512,40.14008
6FbN5wBF3BbBfv3OJQ-fDw,Country Inn & Suites,-88.2529421,40.137921
Ck52f0L860GKPcMXkKAtuw,Top Nails,-88.2516504,40.1413587
QrU-y8wN7e-jnePTywt1Zw,Sprint Store By Wireless Revolution,-88.2572487,40.1482946